122-22-3669,676134024246,Shelley,Williams,F,81059 Nguyen Squares,Bagdad,KY,40003,38.2608,-85.0651,1902,Stage manager,1954-10-14,791408017807,adults_50up_female_rural.json,4b4e0efec13f77115db7b7a664d11d19,2022-01-01,06:47:23,1641037643,gas_transport,7.06,0,fraud_Jenkins  Hauck and Friesen,37.456581,-84.990663
122-22-3669,676134024246,Shelley,Williams,F,81059 Nguyen Squares,Bagdad,KY,40003,38.2608,-85.0651,1902,Stage manager,1954-10-14,791408017807,adults_50up_female_rural.json,1d9fce41377af4e86b8242b1d6caa666,2022-01-01,08:47:19,1641044839,gas_transport,7.22,0,fraud_Corwin-Collins,37.275325,-84.682004
122-22-3669,676134024246,Shelley,Williams,F,81059 Nguyen Squares,Bagdad,KY,40003,38.2608,-85.0651,1902,Stage manager,1954-10-14,791408017807,adults_50up_female_rural.json,4aa9cb6388f40a2025697c540a772172,2022-01-02,02:11:34,1641107494,gas_transport,124.01,0,fraud_Luettgen PLC,38.148215,-85.290005
122-22-3669,676134024246,Shelley,Williams,F,81059 Nguyen Squares,Bagdad,KY,40003,38.2608,-85.0651,1902,Stage manager,1954-10-14,791408017807,adults_50up_female_rural.json,e2d31309e3e9bf734c3844cab700f6ea,2022-01-03,06:01:06,1641207666,gas_transport,2.21,0,fraud_Kuvalis Ltd,37.667694,-84.085136
122-22-3669,676134024246,Shelley,Williams,F,81059 Nguyen Squares,Bagdad,KY,40003,38.2608,-85.0651,1902,Stage manager,1954-10-14,791408017807,adults_50up_female_rural.json,f6ed8efb9f2f52c1f60e938eeca6f27f,2022-01-03,11:37:42,1641227862,gas_transport,35.55,0,fraud_Zieme  Bode and Dooley,38.589318,-84.665219
122-22-3669,676134024246,Shelley,Williams,F,81059 Nguyen Squares,Bagdad,KY,40003,38.2608,-85.0651,1902,Stage manager,1954-10-14,791408017807,adults_50up_female_rural.json,a192b2d0471d1ca3a6dda68ba88689d3,2022-01-06,09:10:34,1641478234,gas_transport,112.45,0,fraud_Prohaska-Murray,38.219247,-84.705402
122-22-3669,676134024246,Shelley,Williams,F,81059 Nguyen Squares,Bagdad,KY,40003,38.2608,-85.0651,1902,Stage manager,1954-10-14,791408017807,adults_50up_female_rural.json,649a1d1ac6bf0568aedb5df0203043ad,2022-01-07,11:53:06,1641574386,gas_transport,9.67,0,fraud_Bins-Rice,38.424103,-84.360257
122-22-3669,676134024246,Shelley,Williams,F,81059 Nguyen Squares,Bagdad,KY,40003,38.2608,-85.0651,1902,Stage manager,1954-10-14,791408017807,adults_50up_female_rural.json,828a4c20021950707847336d40b84661,2022-01-08,03:06:44,1641629204,gas_transport,142.69,0,fraud_Koss and Sons,38.454035,-84.335533
122-22-3669,676134024246,Shelley,Williams,F,81059 Nguyen Squares,Bagdad,KY,40003,38.2608,-85.0651,1902,Stage manager,1954-10-14,791408017807,adults_50up_female_rural.json,c5a985d5d829bfb4f0b00f0c0c335115,2022-01-08,04:43:04,1641634984,gas_transport,86.82,0,fraud_Ledner-Pfannerstill,39.091363,-84.133958
122-22-3669,676134024246,Shelley,Williams,F,81059 Nguyen Squares,Bagdad,KY,40003,38.2608,-85.0651,1902,Stage manager,1954-10-14,791408017807,adults_50up_female_rural.json,08664952dca7ec8b2fff9c00f1224635,2022-01-09,02:57:11,1641715031,gas_transport,61.81,0,fraud_Olson  Becker and Koch,37.935365,-84.480649
122-22-3669,676134024246,Shelley,Williams,F,81059 Nguyen Squares,Bagdad,KY,40003,38.2608,-85.0651,1902,Stage manager,1954-10-14,791408017807,adults_50up_female_rural.json,9fa3b6a613b7757f567b9b0c8c7c5140,2022-01-09,07:19:14,1641730754,gas_transport,101.91,0,fraud_Raynor  Reinger and Hagenes,38.846193,-85.189357
122-22-3669,676134024246,Shelley,Williams,F,81059 Nguyen Squares,Bagdad,KY,40003,38.2608,-85.0651,1902,Stage manager,1954-10-14,791408017807,adults_50up_female_rural.json,c6a472413db4fa0e13b7687e58348ee9,2022-01-11,01:48:46,1641883726,grocery_pos,20.65,1,fraud_Goodwin-Nitzsche,38.817877,-84.433821
122-22-3669,676134024246,Shelley,Williams,F,81059 Nguyen Squares,Bagdad,KY,40003,38.2608,-85.0651,1902,Stage manager,1954-10-14,791408017807,adults_50up_female_rural.json,8cf10e92874ed18366f2c7d49d5eb45b,2022-01-11,02:32:27,1641886347,gas_transport,353.29,1,fraud_Ledner-Pfannerstill,39.066528,-84.678192
122-22-3669,676134024246,Shelley,Williams,F,81059 Nguyen Squares,Bagdad,KY,40003,38.2608,-85.0651,1902,Stage manager,1954-10-14,791408017807,adults_50up_female_rural.json,df927b4ce3873b98972c12ac9811f7fa,2022-01-11,03:06:03,1641888363,gas_transport,354.06,1,fraud_Huels-Nolan,39.076965,-84.260986
122-22-3669,676134024246,Shelley,Williams,F,81059 Nguyen Squares,Bagdad,KY,40003,38.2608,-85.0651,1902,Stage manager,1954-10-14,791408017807,adults_50up_female_rural.json,6cbad6bfed876da9c78689391975cc30,2022-01-11,03:39:50,1641890390,gas_transport,20.03,1,fraud_Corwin-Collins,37.746439,-85.012217
122-22-3669,676134024246,Shelley,Williams,F,81059 Nguyen Squares,Bagdad,KY,40003,38.2608,-85.0651,1902,Stage manager,1954-10-14,791408017807,adults_50up_female_rural.json,54034831f3c1d128b34bc1835a699326,2022-01-11,05:51:24,1641898284,grocery_pos,17.45,1,fraud_Kovacek  Dibbert and Ondricka,38.326555,-85.607558
122-22-3669,676134024246,Shelley,Williams,F,81059 Nguyen Squares,Bagdad,KY,40003,38.2608,-85.0651,1902,Stage manager,1954-10-14,791408017807,adults_50up_female_rural.json,ed81d44b062df8da6045b14970524dd4,2022-01-11,17:46:10,1641941170,misc_net,800.25,1,fraud_Dooley-Thompson,38.651557,-85.725424
122-22-3669,676134024246,Shelley,Williams,F,81059 Nguyen Squares,Bagdad,KY,40003,38.2608,-85.0651,1902,Stage manager,1954-10-14,791408017807,adults_50up_female_rural.json,f532d213c9289aab0264932acdf7929b,2022-01-11,22:05:50,1641956750,grocery_pos,928.63,1,fraud_Schumm  Bauch and Ondricka,38.709324,-84.659420
122-22-3669,676134024246,Shelley,Williams,F,81059 Nguyen Squares,Bagdad,KY,40003,38.2608,-85.0651,1902,Stage manager,1954-10-14,791408017807,adults_50up_female_rural.json,d4df7e1d2991cb457ae44fb13feca56c,2022-01-11,23:41:33,1641962493,misc_net,1158.78,1,fraud_McGlynn-Heathcote,37.397590,-84.767292
122-22-3669,676134024246,Shelley,Williams,F,81059 Nguyen Squares,Bagdad,KY,40003,38.2608,-85.0651,1902,Stage manager,1954-10-14,791408017807,adults_50up_female_rural.json,05b5f62602fba920d6337c903f291c6a,2022-01-12,22:25:12,1642044312,shopping_net,1004.03,1,fraud_Mosciski  Ziemann and Farrell,38.695140,-85.192368
122-22-3669,676134024246,Shelley,Williams,F,81059 Nguyen Squares,Bagdad,KY,40003,38.2608,-85.0651,1902,Stage manager,1954-10-14,791408017807,adults_50up_female_rural.json,7af07e644f115fd48f569fe1e32bca93,2022-01-12,22:29:35,1642044575,shopping_net,743.42,1,fraud_Hills-Witting,38.612891,-85.800160
122-22-3669,676134024246,Shelley,Williams,F,81059 Nguyen Squares,Bagdad,KY,40003,38.2608,-85.0651,1902,Stage manager,1954-10-14,791408017807,adults_50up_female_rural.json,e903b27f51f641924c81b9fcad41e8c5,2022-01-12,23:07:16,1642046836,shopping_net,913.84,1,fraud_Ankunding LLC,37.468725,-84.528434
122-22-3669,676134024246,Shelley,Williams,F,81059 Nguyen Squares,Bagdad,KY,40003,38.2608,-85.0651,1902,Stage manager,1954-10-14,791408017807,adults_50up_female_rural.json,85518b788fddd1cc2c8db3428ea120fd,2022-01-12,23:09:58,1642046998,shopping_net,798.54,1,fraud_Gottlieb  Considine and Schultz,39.178780,-85.613049
122-22-3669,676134024246,Shelley,Williams,F,81059 Nguyen Squares,Bagdad,KY,40003,38.2608,-85.0651,1902,Stage manager,1954-10-14,791408017807,adults_50up_female_rural.json,9ec467171d9039d77208793c1b393bde,2022-01-12,23:17:35,1642047455,misc_net,1170.21,1,fraud_Ruecker Group,38.598120,-85.980868
122-22-3669,676134024246,Shelley,Williams,F,81059 Nguyen Squares,Bagdad,KY,40003,38.2608,-85.0651,1902,Stage manager,1954-10-14,791408017807,adults_50up_female_rural.json,5192a9bec0d5cbdf5967b72817462f64,2022-01-12,23:25:21,1642047921,shopping_pos,51.81,1,fraud_Beier-Hyatt,37.505025,-84.787729
122-22-3669,676134024246,Shelley,Williams,F,81059 Nguyen Squares,Bagdad,KY,40003,38.2608,-85.0651,1902,Stage manager,1954-10-14,791408017807,adults_50up_female_rural.json,44c168099d6d4bf60e8c0f46f8b6202b,2022-01-12,23:34:17,1642048457,personal_care,330.84,1,fraud_Kihn  Brakus and Goyette,37.846575,-84.199581
122-22-3669,676134024246,Shelley,Williams,F,81059 Nguyen Squares,Bagdad,KY,40003,38.2608,-85.0651,1902,Stage manager,1954-10-14,791408017807,adults_50up_female_rural.json,32a821513b73ad11de036577caae5258,2022-01-13,04:48:33,1642067313,gas_transport,39.70,0,fraud_Raynor  Reinger and Hagenes,37.311996,-85.690631
122-22-3669,676134024246,Shelley,Williams,F,81059 Nguyen Squares,Bagdad,KY,40003,38.2608,-85.0651,1902,Stage manager,1954-10-14,791408017807,adults_50up_female_rural.json,5a605312e49865e1aaacc97cd5c7774b,2022-01-14,09:50:06,1642171806,gas_transport,64.08,0,fraud_Torp-Labadie,38.386867,-84.304189
122-22-3669,676134024246,Shelley,Williams,F,81059 Nguyen Squares,Bagdad,KY,40003,38.2608,-85.0651,1902,Stage manager,1954-10-14,791408017807,adults_50up_female_rural.json,7f5117fe65a53e08a108f61ded988519,2022-01-15,00:05:11,1642223111,grocery_pos,123.79,0,fraud_Deckow-O'Conner,37.897760,-84.384036
122-22-3669,676134024246,Shelley,Williams,F,81059 Nguyen Squares,Bagdad,KY,40003,38.2608,-85.0651,1902,Stage manager,1954-10-14,791408017807,adults_50up_female_rural.json,82ca6d00861ed7794a9c1882ae0c40a5,2022-01-15,00:56:21,1642226181,grocery_pos,151.86,0,fraud_Goldner  Kovacek and Abbott,37.629938,-85.441642
122-22-3669,676134024246,Shelley,Williams,F,81059 Nguyen Squares,Bagdad,KY,40003,38.2608,-85.0651,1902,Stage manager,1954-10-14,791408017807,adults_50up_female_rural.json,f20dea738bebb4b5703b8e57c232f021,2022-01-17,04:25:14,1642411514,grocery_pos,96.68,0,fraud_Heidenreich PLC,37.903421,-85.766646
122-22-3669,676134024246,Shelley,Williams,F,81059 Nguyen Squares,Bagdad,KY,40003,38.2608,-85.0651,1902,Stage manager,1954-10-14,791408017807,adults_50up_female_rural.json,e7cbc05a8d7cf5bc93addadda9344915,2022-01-19,09:02:02,1642600922,grocery_pos,278.27,0,fraud_Huel  Hammes and Witting,38.625415,-85.417787
122-22-3669,676134024246,Shelley,Williams,F,81059 Nguyen Squares,Bagdad,KY,40003,38.2608,-85.0651,1902,Stage manager,1954-10-14,791408017807,adults_50up_female_rural.json,d37d707ed75b4a8acc077efa3cc4989b,2022-01-19,10:11:14,1642605074,grocery_pos,132.74,0,fraud_Kilback LLC,38.392863,-85.744724
122-22-3669,676134024246,Shelley,Williams,F,81059 Nguyen Squares,Bagdad,KY,40003,38.2608,-85.0651,1902,Stage manager,1954-10-14,791408017807,adults_50up_female_rural.json,faa21316fc40dd1dab73d7ac9be235e6,2022-01-20,00:56:51,1642658211,grocery_pos,3.19,0,fraud_Moen  Reinger and Murphy,38.041506,-85.173444
122-22-3669,676134024246,Shelley,Williams,F,81059 Nguyen Squares,Bagdad,KY,40003,38.2608,-85.0651,1902,Stage manager,1954-10-14,791408017807,adults_50up_female_rural.json,80acbf1f878b555fa3aff242703fcc93,2022-01-20,04:59:14,1642672754,grocery_pos,82.04,0,fraud_Bradtke PLC,38.149457,-84.470676
122-22-3669,676134024246,Shelley,Williams,F,81059 Nguyen Squares,Bagdad,KY,40003,38.2608,-85.0651,1902,Stage manager,1954-10-14,791408017807,adults_50up_female_rural.json,11f7862ae3a6c5525e587b1dffd624d5,2022-01-22,02:39:38,1642837178,grocery_pos,8.42,0,fraud_Kutch and Sons,37.520002,-85.410423
122-22-3669,676134024246,Shelley,Williams,F,81059 Nguyen Squares,Bagdad,KY,40003,38.2608,-85.0651,1902,Stage manager,1954-10-14,791408017807,adults_50up_female_rural.json,8507957d6025c859a95895ac840598e4,2022-01-22,03:14:29,1642839269,grocery_pos,111.86,0,fraud_Doyle Ltd,39.096066,-84.685803
122-22-3669,676134024246,Shelley,Williams,F,81059 Nguyen Squares,Bagdad,KY,40003,38.2608,-85.0651,1902,Stage manager,1954-10-14,791408017807,adults_50up_female_rural.json,669e68851807a13e7c1fa977fda31d02,2022-01-22,03:54:56,1642841696,grocery_pos,50.90,0,fraud_Wolf Inc,37.590078,-85.655181
122-22-3669,676134024246,Shelley,Williams,F,81059 Nguyen Squares,Bagdad,KY,40003,38.2608,-85.0651,1902,Stage manager,1954-10-14,791408017807,adults_50up_female_rural.json,481dddeaefbbbcbfb8f3eb9c2ab3ddb7,2022-01-22,09:25:19,1642861519,grocery_pos,136.13,0,fraud_Stracke-Lemke,39.164365,-84.886646
122-22-3669,676134024246,Shelley,Williams,F,81059 Nguyen Squares,Bagdad,KY,40003,38.2608,-85.0651,1902,Stage manager,1954-10-14,791408017807,adults_50up_female_rural.json,d7b88886264794068cdea161b7ad7aa2,2022-01-28,06:28:12,1643369292,misc_net,46.53,0,fraud_Rippin  Kub and Mann,38.775862,-85.002184
122-22-3669,676134024246,Shelley,Williams,F,81059 Nguyen Squares,Bagdad,KY,40003,38.2608,-85.0651,1902,Stage manager,1954-10-14,791408017807,adults_50up_female_rural.json,c3cebc1f5fa2d92ae9819e7933c3b671,2022-01-28,08:42:35,1643377355,misc_net,7.03,0,fraud_Dooley-Thompson,38.139950,-85.631161
122-22-3669,676134024246,Shelley,Williams,F,81059 Nguyen Squares,Bagdad,KY,40003,38.2608,-85.0651,1902,Stage manager,1954-10-14,791408017807,adults_50up_female_rural.json,161ea25b4127960c38deb7936e72d27b,2022-01-29,02:39:13,1643441953,misc_net,2.69,0,fraud_Bednar Group,38.378603,-85.790246
122-22-3669,676134024246,Shelley,Williams,F,81059 Nguyen Squares,Bagdad,KY,40003,38.2608,-85.0651,1902,Stage manager,1954-10-14,791408017807,adults_50up_female_rural.json,dd594e8d3dec8b4be680f97d417a5ea3,2022-01-29,04:41:25,1643449285,misc_net,159.64,0,fraud_Bogisich-Homenick,37.275017,-84.733139
122-22-3669,676134024246,Shelley,Williams,F,81059 Nguyen Squares,Bagdad,KY,40003,38.2608,-85.0651,1902,Stage manager,1954-10-14,791408017807,adults_50up_female_rural.json,27567e9ea0b9769075b3e09b4c3a5073,2022-01-30,07:55:23,1643547323,misc_pos,10.88,0,fraud_McCullough LLC,37.301352,-85.163633
122-22-3669,676134024246,Shelley,Williams,F,81059 Nguyen Squares,Bagdad,KY,40003,38.2608,-85.0651,1902,Stage manager,1954-10-14,791408017807,adults_50up_female_rural.json,43fc88b60a85cca77e03c503add1beef,2022-01-30,11:28:56,1643560136,misc_net,9.66,0,fraud_Jones  Sawayn and Romaguera,37.983476,-84.263926
122-22-3669,676134024246,Shelley,Williams,F,81059 Nguyen Squares,Bagdad,KY,40003,38.2608,-85.0651,1902,Stage manager,1954-10-14,791408017807,adults_50up_female_rural.json,79df8597d9101f40e64000b5604b1533,2022-02-04,04:06:40,1643965600,misc_pos,3.37,0,fraud_Kemmer-Buckridge,38.232720,-85.666208
122-22-3669,676134024246,Shelley,Williams,F,81059 Nguyen Squares,Bagdad,KY,40003,38.2608,-85.0651,1902,Stage manager,1954-10-14,791408017807,adults_50up_female_rural.json,8f9975905f0f04b12c9ef5fba548dc3f,2022-02-04,11:07:09,1643990829,misc_pos,3.56,0,fraud_Turcotte-Halvorson,38.939997,-84.166671
122-22-3669,676134024246,Shelley,Williams,F,81059 Nguyen Squares,Bagdad,KY,40003,38.2608,-85.0651,1902,Stage manager,1954-10-14,791408017807,adults_50up_female_rural.json,2fda8f835aeaaaba139ff82ca8927c42,2022-02-07,04:48:26,1644227306,shopping_net,1.26,0,fraud_Schmidt and Sons,38.510409,-84.817169
122-22-3669,676134024246,Shelley,Williams,F,81059 Nguyen Squares,Bagdad,KY,40003,38.2608,-85.0651,1902,Stage manager,1954-10-14,791408017807,adults_50up_female_rural.json,a4523481a48c669facca62af61b2cc28,2022-02-09,00:22:28,1644384148,shopping_net,3.15,0,fraud_Heathcote  Yost and Kertzmann,39.035702,-85.262009
122-22-3669,676134024246,Shelley,Williams,F,81059 Nguyen Squares,Bagdad,KY,40003,38.2608,-85.0651,1902,Stage manager,1954-10-14,791408017807,adults_50up_female_rural.json,b93d6b0853ad61cf2592288ff9bf99fc,2022-02-09,08:59:53,1644415193,shopping_net,56.47,0,fraud_Mohr-Bayer,38.232192,-85.039382
122-22-3669,676134024246,Shelley,Williams,F,81059 Nguyen Squares,Bagdad,KY,40003,38.2608,-85.0651,1902,Stage manager,1954-10-14,791408017807,adults_50up_female_rural.json,82c3b930ee1c6ae27900ff60431e672f,2022-02-10,01:48:39,1644475719,shopping_net,9.34,0,fraud_Auer-West,37.562945,-84.842924
122-22-3669,676134024246,Shelley,Williams,F,81059 Nguyen Squares,Bagdad,KY,40003,38.2608,-85.0651,1902,Stage manager,1954-10-14,791408017807,adults_50up_female_rural.json,aec7aabfd3b02f0a78fc8d84c9a350a6,2022-02-10,05:58:13,1644490693,shopping_net,63.43,0,fraud_Gottlieb  Considine and Schultz,38.303121,-84.439364
122-22-3669,676134024246,Shelley,Williams,F,81059 Nguyen Squares,Bagdad,KY,40003,38.2608,-85.0651,1902,Stage manager,1954-10-14,791408017807,adults_50up_female_rural.json,6cd95f8837b2fa5d04f6bedb5f2eb3c3,2022-02-11,06:53:21,1644580401,shopping_net,47.34,0,fraud_Kuhic  Bins and Pfeffer,38.309756,-85.007548
122-22-3669,676134024246,Shelley,Williams,F,81059 Nguyen Squares,Bagdad,KY,40003,38.2608,-85.0651,1902,Stage manager,1954-10-14,791408017807,adults_50up_female_rural.json,63e144c4628be0b3ef15c946da766471,2022-02-11,08:37:32,1644586652,shopping_net,8.69,0,fraud_Cormier LLC,39.230379,-85.313307
122-22-3669,676134024246,Shelley,Williams,F,81059 Nguyen Squares,Bagdad,KY,40003,38.2608,-85.0651,1902,Stage manager,1954-10-14,791408017807,adults_50up_female_rural.json,6a4189f84ee6dfd0a8bbc14639a7d73f,2022-02-11,10:58:36,1644595116,shopping_net,8.09,0,fraud_Kuhic  Bins and Pfeffer,37.726719,-84.627355
122-22-3669,676134024246,Shelley,Williams,F,81059 Nguyen Squares,Bagdad,KY,40003,38.2608,-85.0651,1902,Stage manager,1954-10-14,791408017807,adults_50up_female_rural.json,2ea108fb0ffedab286b9fcf2865b9872,2022-02-12,11:37:56,1644683876,shopping_net,55.32,0,fraud_Predovic Inc,37.791008,-84.211985
122-22-3669,676134024246,Shelley,Williams,F,81059 Nguyen Squares,Bagdad,KY,40003,38.2608,-85.0651,1902,Stage manager,1954-10-14,791408017807,adults_50up_female_rural.json,692d793e4eb8d611ae859c1f9cdf68a5,2022-02-13,00:06:23,1644728783,shopping_pos,118.92,0,fraud_Pouros-Haag,39.195430,-84.373631
122-22-3669,676134024246,Shelley,Williams,F,81059 Nguyen Squares,Bagdad,KY,40003,38.2608,-85.0651,1902,Stage manager,1954-10-14,791408017807,adults_50up_female_rural.json,0e022d558cd904318fd5f7ee9461101c,2022-02-14,00:01:07,1644814867,shopping_pos,126.60,0,fraud_Kris-Padberg,39.236312,-84.196977
122-22-3669,676134024246,Shelley,Williams,F,81059 Nguyen Squares,Bagdad,KY,40003,38.2608,-85.0651,1902,Stage manager,1954-10-14,791408017807,adults_50up_female_rural.json,706b1c95db8d7a34213bce3f34453d30,2022-02-14,03:32:44,1644827564,shopping_pos,118.82,0,fraud_Conroy Ltd,37.585316,-85.983205
122-22-3669,676134024246,Shelley,Williams,F,81059 Nguyen Squares,Bagdad,KY,40003,38.2608,-85.0651,1902,Stage manager,1954-10-14,791408017807,adults_50up_female_rural.json,045675a9aa4fd4299e230ebc9471e242,2022-02-14,06:53:14,1644839594,shopping_pos,60.93,0,fraud_Metz-Boehm,38.993443,-84.843849
122-22-3669,676134024246,Shelley,Williams,F,81059 Nguyen Squares,Bagdad,KY,40003,38.2608,-85.0651,1902,Stage manager,1954-10-14,791408017807,adults_50up_female_rural.json,beece7e5991e48ccb0528f89b6433dfe,2022-02-18,11:21:31,1645201291,shopping_pos,159.94,0,fraud_Botsford Ltd,38.166141,-84.708328
122-22-3669,676134024246,Shelley,Williams,F,81059 Nguyen Squares,Bagdad,KY,40003,38.2608,-85.0651,1902,Stage manager,1954-10-14,791408017807,adults_50up_female_rural.json,95829bfb8401bd33c2da12f7da53fec9,2022-02-20,14:10:31,1645384231,entertainment,132.70,0,fraud_Schuppe LLC,38.703097,-84.805829
122-22-3669,676134024246,Shelley,Williams,F,81059 Nguyen Squares,Bagdad,KY,40003,38.2608,-85.0651,1902,Stage manager,1954-10-14,791408017807,adults_50up_female_rural.json,5398068d520b816529f9dec790d05cdf,2022-02-20,15:28:55,1645388935,entertainment,1.61,0,fraud_Parker  Nolan and Trantow,37.822330,-84.599170
122-22-3669,676134024246,Shelley,Williams,F,81059 Nguyen Squares,Bagdad,KY,40003,38.2608,-85.0651,1902,Stage manager,1954-10-14,791408017807,adults_50up_female_rural.json,04dae9a32709fb6229013a524aa50858,2022-02-22,20:25:19,1645579519,entertainment,175.68,0,fraud_Larson-Moen,37.420386,-85.463030
122-22-3669,676134024246,Shelley,Williams,F,81059 Nguyen Squares,Bagdad,KY,40003,38.2608,-85.0651,1902,Stage manager,1954-10-14,791408017807,adults_50up_female_rural.json,bcb0f85cb50db5c7b1b7d8729a4e67f4,2022-02-24,12:21:13,1645723273,entertainment,6.84,0,fraud_Cruickshank-Mills,37.369755,-85.116161
122-22-3669,676134024246,Shelley,Williams,F,81059 Nguyen Squares,Bagdad,KY,40003,38.2608,-85.0651,1902,Stage manager,1954-10-14,791408017807,adults_50up_female_rural.json,d8b7443652ec81219c727fe31f69cddb,2022-02-25,15:55:15,1645822515,entertainment,76.85,0,fraud_Larson-Moen,38.887225,-84.637815
122-22-3669,676134024246,Shelley,Williams,F,81059 Nguyen Squares,Bagdad,KY,40003,38.2608,-85.0651,1902,Stage manager,1954-10-14,791408017807,adults_50up_female_rural.json,3d6d97022be0fc7776c39c59455c496a,2022-02-25,16:31:25,1645824685,entertainment,54.50,0,fraud_Cruickshank-Mills,38.391223,-84.295062
122-22-3669,676134024246,Shelley,Williams,F,81059 Nguyen Squares,Bagdad,KY,40003,38.2608,-85.0651,1902,Stage manager,1954-10-14,791408017807,adults_50up_female_rural.json,dbf3f1ed5f62c79750d7e6d6e46f4e4e,2022-02-25,18:54:40,1645833280,entertainment,17.52,0,fraud_Nicolas  Hills and McGlynn,37.612731,-84.814970
122-22-3669,676134024246,Shelley,Williams,F,81059 Nguyen Squares,Bagdad,KY,40003,38.2608,-85.0651,1902,Stage manager,1954-10-14,791408017807,adults_50up_female_rural.json,a2293b5007f2487c15a55a27b4780127,2022-02-27,13:08:43,1645985323,food_dining,5.86,0,fraud_Zboncak Ltd,37.910300,-85.763169
122-22-3669,676134024246,Shelley,Williams,F,81059 Nguyen Squares,Bagdad,KY,40003,38.2608,-85.0651,1902,Stage manager,1954-10-14,791408017807,adults_50up_female_rural.json,fafddc58d54f47b2ea8044668b6958bd,2022-03-04,13:31:48,1646418708,health_fitness,27.85,0,fraud_Hirthe-Beier,39.072508,-85.059196
122-22-3669,676134024246,Shelley,Williams,F,81059 Nguyen Squares,Bagdad,KY,40003,38.2608,-85.0651,1902,Stage manager,1954-10-14,791408017807,adults_50up_female_rural.json,b1ebc4ad4e1363e4fc15231cf34dfd71,2022-03-04,13:42:41,1646419361,health_fitness,11.78,0,fraud_Klocko  Runolfsdottir and Breitenberg,38.793278,-84.777291
122-22-3669,676134024246,Shelley,Williams,F,81059 Nguyen Squares,Bagdad,KY,40003,38.2608,-85.0651,1902,Stage manager,1954-10-14,791408017807,adults_50up_female_rural.json,f27e2ee36dac2d91f28727fdda32c68a,2022-03-05,14:45:56,1646509556,health_fitness,16.41,0,fraud_Mante  Luettgen and Hackett,38.302531,-84.390181
122-22-3669,676134024246,Shelley,Williams,F,81059 Nguyen Squares,Bagdad,KY,40003,38.2608,-85.0651,1902,Stage manager,1954-10-14,791408017807,adults_50up_female_rural.json,f3226147b1c1c06456e25647dafedc02,2022-03-05,15:12:16,1646511136,health_fitness,9.78,0,fraud_Roob-Okuneva,37.886122,-84.698340
122-22-3669,676134024246,Shelley,Williams,F,81059 Nguyen Squares,Bagdad,KY,40003,38.2608,-85.0651,1902,Stage manager,1954-10-14,791408017807,adults_50up_female_rural.json,2ce29ca31eb4f066c46b138cf6b8ee9a,2022-03-05,16:02:03,1646514123,health_fitness,189.58,0,fraud_Cormier LLC,38.990869,-84.281152
122-22-3669,676134024246,Shelley,Williams,F,81059 Nguyen Squares,Bagdad,KY,40003,38.2608,-85.0651,1902,Stage manager,1954-10-14,791408017807,adults_50up_female_rural.json,b19e2ceb7ec303fa7ccf46652b660d05,2022-03-06,13:30:12,1646591412,health_fitness,6.78,0,fraud_Dietrich-Fadel,37.967407,-84.179097
122-22-3669,676134024246,Shelley,Williams,F,81059 Nguyen Squares,Bagdad,KY,40003,38.2608,-85.0651,1902,Stage manager,1954-10-14,791408017807,adults_50up_female_rural.json,97d54aeb99312e5e354ccc4155307c72,2022-03-06,14:36:04,1646595364,health_fitness,3.58,0,fraud_Kertzmann LLC,38.540314,-85.671319
122-22-3669,676134024246,Shelley,Williams,F,81059 Nguyen Squares,Bagdad,KY,40003,38.2608,-85.0651,1902,Stage manager,1954-10-14,791408017807,adults_50up_female_rural.json,2d58ca6f1f681924d820d87a1400d779,2022-03-11,15:46:07,1647031567,home,1.54,0,fraud_O'Connell-Ullrich,39.035701,-86.045612
122-22-3669,676134024246,Shelley,Williams,F,81059 Nguyen Squares,Bagdad,KY,40003,38.2608,-85.0651,1902,Stage manager,1954-10-14,791408017807,adults_50up_female_rural.json,fadab3074482ea54e1afcb9bf740703c,2022-03-11,17:10:28,1647036628,home,14.36,0,fraud_Champlin and Sons,38.237437,-85.416267
122-22-3669,676134024246,Shelley,Williams,F,81059 Nguyen Squares,Bagdad,KY,40003,38.2608,-85.0651,1902,Stage manager,1954-10-14,791408017807,adults_50up_female_rural.json,7adcd78b6325256cae282fb7af475a7b,2022-03-12,13:10:05,1647108605,home,60.68,0,fraud_Terry Ltd,37.819287,-85.927836
122-22-3669,676134024246,Shelley,Williams,F,81059 Nguyen Squares,Bagdad,KY,40003,38.2608,-85.0651,1902,Stage manager,1954-10-14,791408017807,adults_50up_female_rural.json,364c9281bc8d5fd4394e96f098fe16fa,2022-03-12,16:48:00,1647121680,home,4.89,0,fraud_Champlin-Casper,38.117503,-84.831907
122-22-3669,676134024246,Shelley,Williams,F,81059 Nguyen Squares,Bagdad,KY,40003,38.2608,-85.0651,1902,Stage manager,1954-10-14,791408017807,adults_50up_female_rural.json,9fa72c62a68142e4140da6049ff51f84,2022-03-13,14:47:42,1647197262,home,46.37,0,fraud_Collier LLC,38.806836,-84.890538
122-22-3669,676134024246,Shelley,Williams,F,81059 Nguyen Squares,Bagdad,KY,40003,38.2608,-85.0651,1902,Stage manager,1954-10-14,791408017807,adults_50up_female_rural.json,dcc4fa4bf6eb89ab1bfb4169b2fccf2b,2022-03-13,18:01:39,1647208899,home,76.57,0,fraud_Schmidt-Larkin,38.239003,-84.239611
122-22-3669,676134024246,Shelley,Williams,F,81059 Nguyen Squares,Bagdad,KY,40003,38.2608,-85.0651,1902,Stage manager,1954-10-14,791408017807,adults_50up_female_rural.json,5e831703eba3355aece47749d6875694,2022-03-13,18:09:01,1647209341,home,29.63,0,fraud_Crist  Jakubowski and Littel,38.562222,-84.453648
122-22-3669,676134024246,Shelley,Williams,F,81059 Nguyen Squares,Bagdad,KY,40003,38.2608,-85.0651,1902,Stage manager,1954-10-14,791408017807,adults_50up_female_rural.json,8c1ee2a3aac6108511b1bd457a41e2c2,2022-03-14,13:56:15,1647280575,home,75.03,0,fraud_Kling  Howe and Schneider,38.525394,-84.332648
122-22-3669,676134024246,Shelley,Williams,F,81059 Nguyen Squares,Bagdad,KY,40003,38.2608,-85.0651,1902,Stage manager,1954-10-14,791408017807,adults_50up_female_rural.json,f53cbf6c5656dfad1078fc097fb1adde,2022-03-14,14:27:44,1647282464,home,17.06,0,fraud_Jakubowski Inc,38.022901,-85.975855
122-22-3669,676134024246,Shelley,Williams,F,81059 Nguyen Squares,Bagdad,KY,40003,38.2608,-85.0651,1902,Stage manager,1954-10-14,791408017807,adults_50up_female_rural.json,75b74da5304ed5d24430f54a42b69fb5,2022-03-14,23:24:41,1647314681,home,4.86,0,fraud_Beier and Sons,37.351106,-84.924105
122-22-3669,676134024246,Shelley,Williams,F,81059 Nguyen Squares,Bagdad,KY,40003,38.2608,-85.0651,1902,Stage manager,1954-10-14,791408017807,adults_50up_female_rural.json,fbabbf22fb94bcb56d8c4e10545d1336,2022-03-15,15:39:28,1647373168,home,11.36,0,fraud_Berge-Ullrich,39.221585,-84.136666
122-22-3669,676134024246,Shelley,Williams,F,81059 Nguyen Squares,Bagdad,KY,40003,38.2608,-85.0651,1902,Stage manager,1954-10-14,791408017807,adults_50up_female_rural.json,ffe2bbfecefd9824bdfa2fe91070a774,2022-03-16,22:14:03,1647483243,home,83.77,0,fraud_Quitzon-Goyette,38.900777,-85.724030
122-22-3669,676134024246,Shelley,Williams,F,81059 Nguyen Squares,Bagdad,KY,40003,38.2608,-85.0651,1902,Stage manager,1954-10-14,791408017807,adults_50up_female_rural.json,b1f37d2346a4773a1a4f3d782378ca35,2022-03-16,23:24:20,1647487460,kids_pets,103.44,0,fraud_Hammes-Beatty,37.331114,-84.548085
122-22-3669,676134024246,Shelley,Williams,F,81059 Nguyen Squares,Bagdad,KY,40003,38.2608,-85.0651,1902,Stage manager,1954-10-14,791408017807,adults_50up_female_rural.json,8161bba101c6933083ad90d371ce1d7d,2022-03-17,21:10:28,1647565828,kids_pets,19.84,0,fraud_Bednar PLC,38.640763,-84.543516
122-22-3669,676134024246,Shelley,Williams,F,81059 Nguyen Squares,Bagdad,KY,40003,38.2608,-85.0651,1902,Stage manager,1954-10-14,791408017807,adults_50up_female_rural.json,405d5f2eea4acf49e760dd8cdeba15d9,2022-03-18,12:13:07,1647619987,kids_pets,75.20,0,fraud_Windler LLC,37.884818,-84.280943
122-22-3669,676134024246,Shelley,Williams,F,81059 Nguyen Squares,Bagdad,KY,40003,38.2608,-85.0651,1902,Stage manager,1954-10-14,791408017807,adults_50up_female_rural.json,d871a52a5ea5c4cec922a3bb5db6bf55,2022-03-18,16:09:26,1647634166,kids_pets,4.99,0,fraud_Bode-Schuster,39.060348,-84.580234
122-22-3669,676134024246,Shelley,Williams,F,81059 Nguyen Squares,Bagdad,KY,40003,38.2608,-85.0651,1902,Stage manager,1954-10-14,791408017807,adults_50up_female_rural.json,da0398d1b362c52aae53df31fcc5d065,2022-03-19,23:44:12,1647747852,kids_pets,123.23,0,fraud_Hammes-Beatty,38.668086,-84.740575
122-22-3669,676134024246,Shelley,Williams,F,81059 Nguyen Squares,Bagdad,KY,40003,38.2608,-85.0651,1902,Stage manager,1954-10-14,791408017807,adults_50up_female_rural.json,b80e9bb65172c7c7f46360e3cfaa3cbf,2022-03-20,15:40:13,1647805213,kids_pets,35.56,0,fraud_Gottlieb Group,37.475609,-85.030646
122-22-3669,676134024246,Shelley,Williams,F,81059 Nguyen Squares,Bagdad,KY,40003,38.2608,-85.0651,1902,Stage manager,1954-10-14,791408017807,adults_50up_female_rural.json,2630843d7ae82ad91cc543fcecfc91f8,2022-03-20,18:06:31,1647813991,kids_pets,3.54,0,fraud_Pouros  Walker and Spencer,38.275085,-84.665267
122-22-3669,676134024246,Shelley,Williams,F,81059 Nguyen Squares,Bagdad,KY,40003,38.2608,-85.0651,1902,Stage manager,1954-10-14,791408017807,adults_50up_female_rural.json,4a32287f3c4c736749b7ab00747b2ef2,2022-03-23,13:18:35,1648055915,personal_care,11.20,0,fraud_Nienow  Barrows and Romaguera,38.084984,-84.437185
122-22-3669,676134024246,Shelley,Williams,F,81059 Nguyen Squares,Bagdad,KY,40003,38.2608,-85.0651,1902,Stage manager,1954-10-14,791408017807,adults_50up_female_rural.json,34f2cd616561be2cd66d7b8cb4b14f5d,2022-03-23,20:53:02,1648083182,personal_care,29.50,0,fraud_Leffler-Goldner,39.041248,-84.529831
122-22-3669,676134024246,Shelley,Williams,F,81059 Nguyen Squares,Bagdad,KY,40003,38.2608,-85.0651,1902,Stage manager,1954-10-14,791408017807,adults_50up_female_rural.json,cc92e6df1ee266acaa4c714a1e904f21,2022-03-25,12:29:53,1648225793,personal_care,7.02,0,fraud_Marvin-Lind,38.984728,-84.813124
122-22-3669,676134024246,Shelley,Williams,F,81059 Nguyen Squares,Bagdad,KY,40003,38.2608,-85.0651,1902,Stage manager,1954-10-14,791408017807,adults_50up_female_rural.json,d0a50edbf8fb199885bc8a3d57275ecf,2022-03-25,20:27:26,1648254446,personal_care,10.36,0,fraud_Hills-Boyer,38.657660,-85.862847
122-22-3669,676134024246,Shelley,Williams,F,81059 Nguyen Squares,Bagdad,KY,40003,38.2608,-85.0651,1902,Stage manager,1954-10-14,791408017807,adults_50up_female_rural.json,2ab745e25c25775e4658834ba6747d99,2022-03-27,14:10:50,1648404650,personal_care,6.56,0,fraud_Erdman-Schaden,37.382069,-84.540716
122-22-3669,676134024246,Shelley,Williams,F,81059 Nguyen Squares,Bagdad,KY,40003,38.2608,-85.0651,1902,Stage manager,1954-10-14,791408017807,adults_50up_female_rural.json,02ab888550720ca22ee0ec719b859299,2022-03-28,22:30:07,1648521007,travel,61.68,0,fraud_Kovacek Ltd,37.487987,-85.588468
122-22-3669,676134024246,Shelley,Williams,F,81059 Nguyen Squares,Bagdad,KY,40003,38.2608,-85.0651,1902,Stage manager,1954-10-14,791408017807,adults_50up_female_rural.json,b15ebdf296a078e04b59c151ba2228fc,2022-03-30,18:21:23,1648678883,travel,132.70,0,fraud_Reichel  Bradtke and Blanda,37.388964,-84.676438
122-22-3669,676134024246,Shelley,Williams,F,81059 Nguyen Squares,Bagdad,KY,40003,38.2608,-85.0651,1902,Stage manager,1954-10-14,791408017807,adults_50up_female_rural.json,e5cc01d58f5b5ed78d9b35407f931e9f,2022-03-30,22:53:04,1648695184,travel,74.68,0,fraud_Ebert-Daugherty,38.094123,-85.205453
122-22-3669,676134024246,Shelley,Williams,F,81059 Nguyen Squares,Bagdad,KY,40003,38.2608,-85.0651,1902,Stage manager,1954-10-14,791408017807,adults_50up_female_rural.json,1a4a5a029cefb97e2ee9217f9c70eca5,2022-03-31,16:33:22,1648758802,travel,27.24,0,fraud_Ritchie  Bradtke and Stiedemann,37.693951,-84.639936
