105-29-8266,2706550784685098,Frank,Freeman,M,3034 Natalie Passage Apt. 179,Greeley,NE,68842,41.5526,-98.53,668,Radio broadcast assistant,2001-08-03,52247482141,young_adults_male_rural.json,c060f4ec3582f8f463eb0820707d88de,2022-01-01,06:16:45,1641035805,gas_transport,61.87,0,fraud_Robel  Cummerata and Prosacco,41.356801,-97.889019
105-29-8266,2706550784685098,Frank,Freeman,M,3034 Natalie Passage Apt. 179,Greeley,NE,68842,41.5526,-98.53,668,Radio broadcast assistant,2001-08-03,52247482141,young_adults_male_rural.json,7d4f6b830050ee19b717766354a4da23,2022-01-01,09:11:31,1641046291,gas_transport,68.71,0,fraud_Luettgen PLC,41.679637,-97.603310
105-29-8266,2706550784685098,Frank,Freeman,M,3034 Natalie Passage Apt. 179,Greeley,NE,68842,41.5526,-98.53,668,Radio broadcast assistant,2001-08-03,52247482141,young_adults_male_rural.json,c3f07ad0993b73d8e3b27febb1b41cb2,2022-01-02,02:20:40,1641108040,gas_transport,51.72,0,fraud_Bernhard Inc,41.694281,-98.737323
105-29-8266,2706550784685098,Frank,Freeman,M,3034 Natalie Passage Apt. 179,Greeley,NE,68842,41.5526,-98.53,668,Radio broadcast assistant,2001-08-03,52247482141,young_adults_male_rural.json,8ddb2507028bf67c4c076e1658e71317,2022-01-02,02:36:48,1641109008,gas_transport,71.37,0,fraud_Sporer Inc,41.471685,-98.993110
105-29-8266,2706550784685098,Frank,Freeman,M,3034 Natalie Passage Apt. 179,Greeley,NE,68842,41.5526,-98.53,668,Radio broadcast assistant,2001-08-03,52247482141,young_adults_male_rural.json,c17b112424b6b087d02977c14d352026,2022-01-05,04:59:14,1641376754,gas_transport,85.38,0,fraud_Brekke and Sons,41.417327,-99.192436
105-29-8266,2706550784685098,Frank,Freeman,M,3034 Natalie Passage Apt. 179,Greeley,NE,68842,41.5526,-98.53,668,Radio broadcast assistant,2001-08-03,52247482141,young_adults_male_rural.json,a5fd567f9ce91d2c08637f58907f76b7,2022-01-05,07:04:06,1641384246,gas_transport,61.30,0,fraud_Huels-Nolan,41.760447,-98.274902
105-29-8266,2706550784685098,Frank,Freeman,M,3034 Natalie Passage Apt. 179,Greeley,NE,68842,41.5526,-98.53,668,Radio broadcast assistant,2001-08-03,52247482141,young_adults_male_rural.json,6e31af808e208bd0dee9912b9d50f51c,2022-01-06,02:50:27,1641455427,gas_transport,58.78,0,fraud_Christiansen  Goyette and Schamberger,42.230357,-98.039890
105-29-8266,2706550784685098,Frank,Freeman,M,3034 Natalie Passage Apt. 179,Greeley,NE,68842,41.5526,-98.53,668,Radio broadcast assistant,2001-08-03,52247482141,young_adults_male_rural.json,8e261e076104361f26d1f05255392015,2022-01-07,06:38:37,1641555517,gas_transport,32.74,0,fraud_Reilly  Heaney and Cole,41.364517,-99.033558
105-29-8266,2706550784685098,Frank,Freeman,M,3034 Natalie Passage Apt. 179,Greeley,NE,68842,41.5526,-98.53,668,Radio broadcast assistant,2001-08-03,52247482141,young_adults_male_rural.json,3f66238ae7b5ab6ed4f575351f159118,2022-01-07,10:06:19,1641567979,gas_transport,45.95,0,fraud_Erdman-Kertzmann,40.759496,-98.604265
105-29-8266,2706550784685098,Frank,Freeman,M,3034 Natalie Passage Apt. 179,Greeley,NE,68842,41.5526,-98.53,668,Radio broadcast assistant,2001-08-03,52247482141,young_adults_male_rural.json,57c141d0969280e82910f890aa0f45f3,2022-01-08,00:46:29,1641620789,gas_transport,33.33,0,fraud_Harris Inc,41.401590,-98.427370
105-29-8266,2706550784685098,Frank,Freeman,M,3034 Natalie Passage Apt. 179,Greeley,NE,68842,41.5526,-98.53,668,Radio broadcast assistant,2001-08-03,52247482141,young_adults_male_rural.json,ebf22b2a69aefd2e77367ae5c7b1da70,2022-01-08,02:43:58,1641627838,gas_transport,49.18,0,fraud_Cummerata-Jones,41.727159,-98.599041
105-29-8266,2706550784685098,Frank,Freeman,M,3034 Natalie Passage Apt. 179,Greeley,NE,68842,41.5526,-98.53,668,Radio broadcast assistant,2001-08-03,52247482141,young_adults_male_rural.json,8ab8e080e164b461a38de63694248831,2022-01-08,06:35:33,1641641733,gas_transport,16.29,0,fraud_Kutch LLC,41.502644,-97.775271
105-29-8266,2706550784685098,Frank,Freeman,M,3034 Natalie Passage Apt. 179,Greeley,NE,68842,41.5526,-98.53,668,Radio broadcast assistant,2001-08-03,52247482141,young_adults_male_rural.json,82df472b0fddc4b011b199fb4f0d7f11,2022-01-08,07:14:04,1641644044,gas_transport,68.29,0,fraud_Stroman  Hudson and Erdman,41.788277,-98.412492
105-29-8266,2706550784685098,Frank,Freeman,M,3034 Natalie Passage Apt. 179,Greeley,NE,68842,41.5526,-98.53,668,Radio broadcast assistant,2001-08-03,52247482141,young_adults_male_rural.json,1d7a39ebfdccfb38d4c03e9935a9d6ce,2022-01-08,09:36:53,1641652613,gas_transport,75.72,0,fraud_Cummings LLC,41.977561,-97.817067
105-29-8266,2706550784685098,Frank,Freeman,M,3034 Natalie Passage Apt. 179,Greeley,NE,68842,41.5526,-98.53,668,Radio broadcast assistant,2001-08-03,52247482141,young_adults_male_rural.json,083553162312a1c3c8d1133ed1bdbe60,2022-01-08,10:12:47,1641654767,gas_transport,66.00,0,fraud_Rodriguez Group,42.492581,-99.412570
105-29-8266,2706550784685098,Frank,Freeman,M,3034 Natalie Passage Apt. 179,Greeley,NE,68842,41.5526,-98.53,668,Radio broadcast assistant,2001-08-03,52247482141,young_adults_male_rural.json,51937ebf132d4e82cb6715e76feb6407,2022-01-09,01:53:34,1641711214,gas_transport,12.24,0,fraud_Corwin-Collins,40.904701,-98.197729
105-29-8266,2706550784685098,Frank,Freeman,M,3034 Natalie Passage Apt. 179,Greeley,NE,68842,41.5526,-98.53,668,Radio broadcast assistant,2001-08-03,52247482141,young_adults_male_rural.json,5253234349742998762f7cdbfb0dda5d,2022-01-09,09:09:03,1641737343,gas_transport,54.49,0,fraud_Lind  Huel and McClure,40.590286,-97.810595
105-29-8266,2706550784685098,Frank,Freeman,M,3034 Natalie Passage Apt. 179,Greeley,NE,68842,41.5526,-98.53,668,Radio broadcast assistant,2001-08-03,52247482141,young_adults_male_rural.json,4874c05e6d765e9077ff06147b529ddd,2022-01-10,05:36:26,1641810986,gas_transport,69.37,0,fraud_Rodriguez Group,41.350042,-99.148420
105-29-8266,2706550784685098,Frank,Freeman,M,3034 Natalie Passage Apt. 179,Greeley,NE,68842,41.5526,-98.53,668,Radio broadcast assistant,2001-08-03,52247482141,young_adults_male_rural.json,39d4b47e9216f619ec62aaea0c6ed518,2022-01-13,10:41:56,1642088516,grocery_net,64.58,0,fraud_Ortiz Group,40.768551,-98.678936
105-29-8266,2706550784685098,Frank,Freeman,M,3034 Natalie Passage Apt. 179,Greeley,NE,68842,41.5526,-98.53,668,Radio broadcast assistant,2001-08-03,52247482141,young_adults_male_rural.json,f4ed68d142c176b9b75280c40ff99b97,2022-01-14,03:08:18,1642147698,grocery_net,9.01,0,fraud_Cummings Group,41.479261,-98.361706
105-29-8266,2706550784685098,Frank,Freeman,M,3034 Natalie Passage Apt. 179,Greeley,NE,68842,41.5526,-98.53,668,Radio broadcast assistant,2001-08-03,52247482141,young_adults_male_rural.json,42e715024a12918f0c6bd6ecc287400c,2022-01-15,00:58:49,1642226329,grocery_net,86.26,0,fraud_Pfeffer LLC,40.991541,-98.074469
105-29-8266,2706550784685098,Frank,Freeman,M,3034 Natalie Passage Apt. 179,Greeley,NE,68842,41.5526,-98.53,668,Radio broadcast assistant,2001-08-03,52247482141,young_adults_male_rural.json,e304ac893bf425a649bddd830998a43b,2022-01-15,02:08:50,1642230530,grocery_net,24.37,0,fraud_Rempel PLC,42.519460,-99.324860
105-29-8266,2706550784685098,Frank,Freeman,M,3034 Natalie Passage Apt. 179,Greeley,NE,68842,41.5526,-98.53,668,Radio broadcast assistant,2001-08-03,52247482141,young_adults_male_rural.json,fb418afa6500d25634a1421c977de527,2022-01-15,04:19:35,1642238375,grocery_net,51.30,0,fraud_Paucek-Wiza,41.447519,-97.621405
105-29-8266,2706550784685098,Frank,Freeman,M,3034 Natalie Passage Apt. 179,Greeley,NE,68842,41.5526,-98.53,668,Radio broadcast assistant,2001-08-03,52247482141,young_adults_male_rural.json,c9441013e49bd35140d2143b16bd0175,2022-01-15,08:18:48,1642252728,grocery_net,70.20,0,fraud_Dach-Borer,40.664963,-98.398546
105-29-8266,2706550784685098,Frank,Freeman,M,3034 Natalie Passage Apt. 179,Greeley,NE,68842,41.5526,-98.53,668,Radio broadcast assistant,2001-08-03,52247482141,young_adults_male_rural.json,7ed0c906573ce94ae3505eee41b3f50d,2022-01-15,08:20:59,1642252859,grocery_net,24.40,0,fraud_Paucek-Wiza,41.278109,-98.743166
105-29-8266,2706550784685098,Frank,Freeman,M,3034 Natalie Passage Apt. 179,Greeley,NE,68842,41.5526,-98.53,668,Radio broadcast assistant,2001-08-03,52247482141,young_adults_male_rural.json,db2cdf63737478a6531a72a625ecea9b,2022-01-16,00:42:13,1642311733,grocery_net,50.72,0,fraud_Wuckert-Walter,40.654918,-98.223238
105-29-8266,2706550784685098,Frank,Freeman,M,3034 Natalie Passage Apt. 179,Greeley,NE,68842,41.5526,-98.53,668,Radio broadcast assistant,2001-08-03,52247482141,young_adults_male_rural.json,84fa6b1120ca5143379799d9f303c977,2022-01-16,11:49:57,1642351797,grocery_net,76.50,0,fraud_Kutch Group,41.213681,-98.902545
105-29-8266,2706550784685098,Frank,Freeman,M,3034 Natalie Passage Apt. 179,Greeley,NE,68842,41.5526,-98.53,668,Radio broadcast assistant,2001-08-03,52247482141,young_adults_male_rural.json,414f4a0e1c471ee3e599d312cfcc12b0,2022-01-17,01:51:23,1642402283,grocery_pos,68.45,0,fraud_Kovacek  Dibbert and Ondricka,40.646404,-98.983611
105-29-8266,2706550784685098,Frank,Freeman,M,3034 Natalie Passage Apt. 179,Greeley,NE,68842,41.5526,-98.53,668,Radio broadcast assistant,2001-08-03,52247482141,young_adults_male_rural.json,b2ca962ad62d3941a98dcd4b8c401456,2022-01-17,06:10:32,1642417832,grocery_pos,69.76,0,fraud_Bailey-Morar,40.996492,-98.980283
105-29-8266,2706550784685098,Frank,Freeman,M,3034 Natalie Passage Apt. 179,Greeley,NE,68842,41.5526,-98.53,668,Radio broadcast assistant,2001-08-03,52247482141,young_adults_male_rural.json,30e2dce68bb5b18e2059179ec2c65d15,2022-01-17,07:36:21,1642422981,grocery_pos,46.18,0,fraud_Hackett-Lueilwitz,41.185421,-99.072559
105-29-8266,2706550784685098,Frank,Freeman,M,3034 Natalie Passage Apt. 179,Greeley,NE,68842,41.5526,-98.53,668,Radio broadcast assistant,2001-08-03,52247482141,young_adults_male_rural.json,b4f2df68e1b7824c4373fcc7fc9becc9,2022-01-18,01:36:50,1642487810,grocery_pos,20.57,0,fraud_Schoen  Kuphal and Nitzsche,40.739936,-98.783347
105-29-8266,2706550784685098,Frank,Freeman,M,3034 Natalie Passage Apt. 179,Greeley,NE,68842,41.5526,-98.53,668,Radio broadcast assistant,2001-08-03,52247482141,young_adults_male_rural.json,6f96cd46e6c0fa03cb1a0ea9c0f3a81f,2022-01-18,05:47:38,1642502858,grocery_pos,13.15,0,fraud_Kilback LLC,42.340724,-98.109854
105-29-8266,2706550784685098,Frank,Freeman,M,3034 Natalie Passage Apt. 179,Greeley,NE,68842,41.5526,-98.53,668,Radio broadcast assistant,2001-08-03,52247482141,young_adults_male_rural.json,858c0079994990162520bfacdc6d03bf,2022-01-19,00:54:53,1642571693,grocery_pos,84.96,0,fraud_Heidenreich PLC,40.936743,-98.960799
105-29-8266,2706550784685098,Frank,Freeman,M,3034 Natalie Passage Apt. 179,Greeley,NE,68842,41.5526,-98.53,668,Radio broadcast assistant,2001-08-03,52247482141,young_adults_male_rural.json,719261bc33a21ebf40bf4104b55f33f3,2022-01-19,05:26:46,1642588006,grocery_pos,60.17,0,fraud_Doyle Ltd,42.059735,-97.799820
105-29-8266,2706550784685098,Frank,Freeman,M,3034 Natalie Passage Apt. 179,Greeley,NE,68842,41.5526,-98.53,668,Radio broadcast assistant,2001-08-03,52247482141,young_adults_male_rural.json,8d553961fd28d590da83a39190a01405,2022-01-20,10:31:30,1642692690,grocery_pos,43.24,0,fraud_Heller  Gutmann and Zieme,41.690247,-98.021738
105-29-8266,2706550784685098,Frank,Freeman,M,3034 Natalie Passage Apt. 179,Greeley,NE,68842,41.5526,-98.53,668,Radio broadcast assistant,2001-08-03,52247482141,young_adults_male_rural.json,8676982033961940a4b27a41969da983,2022-01-21,04:58:24,1642759104,grocery_pos,77.82,0,fraud_Osinski  Ledner and Leuschke,41.640269,-99.297441
105-29-8266,2706550784685098,Frank,Freeman,M,3034 Natalie Passage Apt. 179,Greeley,NE,68842,41.5526,-98.53,668,Radio broadcast assistant,2001-08-03,52247482141,young_adults_male_rural.json,158ca5b33ad51d039e62fef5f2e8dd49,2022-01-21,12:11:11,1642785071,grocery_pos,27.82,0,fraud_Casper  Hand and Zulauf,40.936211,-97.738306
105-29-8266,2706550784685098,Frank,Freeman,M,3034 Natalie Passage Apt. 179,Greeley,NE,68842,41.5526,-98.53,668,Radio broadcast assistant,2001-08-03,52247482141,young_adults_male_rural.json,6155d5da7d007a9c076553a42dd373dc,2022-01-21,12:44:46,1642787086,grocery_pos,110.50,0,fraud_Mosciski  Gislason and Mertz,41.163800,-98.376418
105-29-8266,2706550784685098,Frank,Freeman,M,3034 Natalie Passage Apt. 179,Greeley,NE,68842,41.5526,-98.53,668,Radio broadcast assistant,2001-08-03,52247482141,young_adults_male_rural.json,4d23df05d6bf3b692aaea8ae6dbf47a7,2022-01-21,13:18:45,1642789125,grocery_pos,82.27,0,fraud_Kovacek  Dibbert and Ondricka,42.414393,-98.960136
105-29-8266,2706550784685098,Frank,Freeman,M,3034 Natalie Passage Apt. 179,Greeley,NE,68842,41.5526,-98.53,668,Radio broadcast assistant,2001-08-03,52247482141,young_adults_male_rural.json,61c4c817c104bf59a0ea0c4049005be3,2022-01-21,17:07:41,1642802861,grocery_pos,5.81,0,fraud_Wolf Inc,42.432754,-98.578714
105-29-8266,2706550784685098,Frank,Freeman,M,3034 Natalie Passage Apt. 179,Greeley,NE,68842,41.5526,-98.53,668,Radio broadcast assistant,2001-08-03,52247482141,young_adults_male_rural.json,31c1feba93a629f2047158903e73382c,2022-01-21,18:17:28,1642807048,grocery_pos,7.20,0,fraud_Vandervort-Funk,41.116523,-98.700826
105-29-8266,2706550784685098,Frank,Freeman,M,3034 Natalie Passage Apt. 179,Greeley,NE,68842,41.5526,-98.53,668,Radio broadcast assistant,2001-08-03,52247482141,young_adults_male_rural.json,213e500aa5c57005538bb2b7508c930b,2022-01-21,21:00:00,1642816800,grocery_pos,21.81,0,fraud_Murray-Smitham,40.736281,-98.617745
105-29-8266,2706550784685098,Frank,Freeman,M,3034 Natalie Passage Apt. 179,Greeley,NE,68842,41.5526,-98.53,668,Radio broadcast assistant,2001-08-03,52247482141,young_adults_male_rural.json,fe7c3a25a94a3e3ce54f5d6cf8ec15a9,2022-01-23,18:37:14,1642981034,misc_net,4.46,0,fraud_Rippin  Kub and Mann,41.885843,-98.164987
105-29-8266,2706550784685098,Frank,Freeman,M,3034 Natalie Passage Apt. 179,Greeley,NE,68842,41.5526,-98.53,668,Radio broadcast assistant,2001-08-03,52247482141,young_adults_male_rural.json,8b52de520a56f14f7cfa23af1d827165,2022-01-23,20:48:30,1642988910,misc_net,92.93,0,fraud_Tillman  Fritsch and Schmitt,42.186651,-99.316054
105-29-8266,2706550784685098,Frank,Freeman,M,3034 Natalie Passage Apt. 179,Greeley,NE,68842,41.5526,-98.53,668,Radio broadcast assistant,2001-08-03,52247482141,young_adults_male_rural.json,3fe75a6b9c95f66df14ba4c74763c261,2022-01-23,23:50:48,1642999848,misc_net,100.49,0,fraud_Kerluke PLC,42.435944,-99.001191
105-29-8266,2706550784685098,Frank,Freeman,M,3034 Natalie Passage Apt. 179,Greeley,NE,68842,41.5526,-98.53,668,Radio broadcast assistant,2001-08-03,52247482141,young_adults_male_rural.json,f16d1893243cf4c50988eded12cdd8eb,2022-01-24,15:41:56,1643056916,misc_net,115.32,0,fraud_Kerluke  Considine and Macejkovic,42.111872,-98.574662
105-29-8266,2706550784685098,Frank,Freeman,M,3034 Natalie Passage Apt. 179,Greeley,NE,68842,41.5526,-98.53,668,Radio broadcast assistant,2001-08-03,52247482141,young_adults_male_rural.json,c06a95608959801ab93ae460e2848bc9,2022-01-24,19:11:18,1643069478,misc_net,129.43,0,fraud_Schmitt Ltd,42.136578,-97.742367
105-29-8266,2706550784685098,Frank,Freeman,M,3034 Natalie Passage Apt. 179,Greeley,NE,68842,41.5526,-98.53,668,Radio broadcast assistant,2001-08-03,52247482141,young_adults_male_rural.json,fcc39fb509c3efd84635adc54b2f078e,2022-01-24,23:07:46,1643083666,misc_net,70.07,0,fraud_Miller-Harris,40.737457,-98.499415
105-29-8266,2706550784685098,Frank,Freeman,M,3034 Natalie Passage Apt. 179,Greeley,NE,68842,41.5526,-98.53,668,Radio broadcast assistant,2001-08-03,52247482141,young_adults_male_rural.json,3e6beaca87c4296730352ffa3ce95871,2022-01-25,18:38:17,1643153897,misc_net,65.39,0,fraud_Block-Parisian,41.038001,-97.824762
105-29-8266,2706550784685098,Frank,Freeman,M,3034 Natalie Passage Apt. 179,Greeley,NE,68842,41.5526,-98.53,668,Radio broadcast assistant,2001-08-03,52247482141,young_adults_male_rural.json,c65efec98128bd6843c24fca13f9a998,2022-01-26,21:49:02,1643251742,misc_net,7.86,0,fraud_Huel-Langworth,40.742072,-98.777787
105-29-8266,2706550784685098,Frank,Freeman,M,3034 Natalie Passage Apt. 179,Greeley,NE,68842,41.5526,-98.53,668,Radio broadcast assistant,2001-08-03,52247482141,young_adults_male_rural.json,66919ee3753cc925ade67b01a371bd47,2022-01-27,12:08:53,1643303333,misc_net,19.39,0,fraud_Kerluke  Kertzmann and Wiza,41.524038,-97.755547
105-29-8266,2706550784685098,Frank,Freeman,M,3034 Natalie Passage Apt. 179,Greeley,NE,68842,41.5526,-98.53,668,Radio broadcast assistant,2001-08-03,52247482141,young_adults_male_rural.json,c394a3d7236d4818fd94344640e976c5,2022-01-27,16:34:57,1643319297,misc_net,10.58,0,fraud_Huel-Langworth,42.108392,-98.833763
105-29-8266,2706550784685098,Frank,Freeman,M,3034 Natalie Passage Apt. 179,Greeley,NE,68842,41.5526,-98.53,668,Radio broadcast assistant,2001-08-03,52247482141,young_adults_male_rural.json,4e95cf40cc45cf364e6ee34045a688a2,2022-01-28,14:43:01,1643398981,misc_net,100.66,0,fraud_Corwin-Gorczany,40.697090,-97.818805
105-29-8266,2706550784685098,Frank,Freeman,M,3034 Natalie Passage Apt. 179,Greeley,NE,68842,41.5526,-98.53,668,Radio broadcast assistant,2001-08-03,52247482141,young_adults_male_rural.json,bf1f308ae76ec1272e94920aab085c0c,2022-01-28,19:08:44,1643414924,misc_net,131.14,0,fraud_Huel Ltd,42.417872,-98.211536
105-29-8266,2706550784685098,Frank,Freeman,M,3034 Natalie Passage Apt. 179,Greeley,NE,68842,41.5526,-98.53,668,Radio broadcast assistant,2001-08-03,52247482141,young_adults_male_rural.json,2c611aeab3e95ea6a1fc0d0b36c7d217,2022-01-28,22:26:49,1643426809,misc_net,345.50,0,fraud_Corwin-Gorczany,42.338100,-98.063028
105-29-8266,2706550784685098,Frank,Freeman,M,3034 Natalie Passage Apt. 179,Greeley,NE,68842,41.5526,-98.53,668,Radio broadcast assistant,2001-08-03,52247482141,young_adults_male_rural.json,6e041a858b3b9bba495d2330a2689521,2022-01-28,23:30:55,1643430655,misc_net,30.05,0,fraud_Mante Group,40.791037,-98.074715
105-29-8266,2706550784685098,Frank,Freeman,M,3034 Natalie Passage Apt. 179,Greeley,NE,68842,41.5526,-98.53,668,Radio broadcast assistant,2001-08-03,52247482141,young_adults_male_rural.json,0a536cd068219b994a00836f458b6e07,2022-01-29,14:09:21,1643483361,misc_pos,6.20,0,fraud_Dickinson Ltd,42.104569,-98.161137
105-29-8266,2706550784685098,Frank,Freeman,M,3034 Natalie Passage Apt. 179,Greeley,NE,68842,41.5526,-98.53,668,Radio broadcast assistant,2001-08-03,52247482141,young_adults_male_rural.json,1508e7e67a3d4a1bb843d9a0aaa4e792,2022-01-29,17:10:01,1643494201,misc_pos,99.91,0,fraud_Schmeler Inc,41.404107,-98.554942
105-29-8266,2706550784685098,Frank,Freeman,M,3034 Natalie Passage Apt. 179,Greeley,NE,68842,41.5526,-98.53,668,Radio broadcast assistant,2001-08-03,52247482141,young_adults_male_rural.json,4cfb9b9af4674e54d05a69fc059035ef,2022-01-29,18:49:56,1643500196,misc_pos,19.97,0,fraud_Keeling-Crist,40.884117,-98.267359
105-29-8266,2706550784685098,Frank,Freeman,M,3034 Natalie Passage Apt. 179,Greeley,NE,68842,41.5526,-98.53,668,Radio broadcast assistant,2001-08-03,52247482141,young_adults_male_rural.json,e34b0a703bfafc7af38cfd6af7c5fab7,2022-01-30,18:38:25,1643585905,misc_pos,42.34,0,fraud_Nienow  Ankunding and Collier,40.882365,-98.597566
105-29-8266,2706550784685098,Frank,Freeman,M,3034 Natalie Passage Apt. 179,Greeley,NE,68842,41.5526,-98.53,668,Radio broadcast assistant,2001-08-03,52247482141,young_adults_male_rural.json,d0cbb3a5435da744ac47a4b44115f89e,2022-01-31,13:06:33,1643652393,misc_pos,79.03,0,fraud_Buckridge PLC,41.971210,-99.343038
105-29-8266,2706550784685098,Frank,Freeman,M,3034 Natalie Passage Apt. 179,Greeley,NE,68842,41.5526,-98.53,668,Radio broadcast assistant,2001-08-03,52247482141,young_adults_male_rural.json,7cbe834db93b40c5e7793b0661979567,2022-01-31,21:44:42,1643683482,misc_pos,6.44,0,fraud_Wisozk and Sons,41.653020,-99.202150
105-29-8266,2706550784685098,Frank,Freeman,M,3034 Natalie Passage Apt. 179,Greeley,NE,68842,41.5526,-98.53,668,Radio broadcast assistant,2001-08-03,52247482141,young_adults_male_rural.json,f9215a77145c3f86d70eca6abe18ed8e,2022-02-01,14:33:20,1643744000,misc_pos,59.70,0,fraud_Nienow  Ankunding and Collier,42.349261,-99.222346
105-29-8266,2706550784685098,Frank,Freeman,M,3034 Natalie Passage Apt. 179,Greeley,NE,68842,41.5526,-98.53,668,Radio broadcast assistant,2001-08-03,52247482141,young_adults_male_rural.json,99ef2a6fabfa99f7a3be6862a92f5fb8,2022-02-02,13:26:01,1643826361,misc_pos,4.43,0,fraud_Lehner  Reichert and Mills,41.259840,-98.981914
105-29-8266,2706550784685098,Frank,Freeman,M,3034 Natalie Passage Apt. 179,Greeley,NE,68842,41.5526,-98.53,668,Radio broadcast assistant,2001-08-03,52247482141,young_adults_male_rural.json,53f88806322c01eb733d5ee1b0dc606f,2022-02-03,19:31:51,1643934711,misc_pos,69.69,0,fraud_Flatley Group,41.224439,-98.593522
105-29-8266,2706550784685098,Frank,Freeman,M,3034 Natalie Passage Apt. 179,Greeley,NE,68842,41.5526,-98.53,668,Radio broadcast assistant,2001-08-03,52247482141,young_adults_male_rural.json,e0651da83b0277b14a666dad5fcdd114,2022-02-04,21:21:34,1644027694,misc_pos,6.79,0,fraud_Bruen-Yost,41.684727,-99.339689
105-29-8266,2706550784685098,Frank,Freeman,M,3034 Natalie Passage Apt. 179,Greeley,NE,68842,41.5526,-98.53,668,Radio broadcast assistant,2001-08-03,52247482141,young_adults_male_rural.json,e3566440115e32a77e06486384428915,2022-02-05,15:18:24,1644092304,misc_pos,8.51,0,fraud_Halvorson Group,41.940027,-98.216915
105-29-8266,2706550784685098,Frank,Freeman,M,3034 Natalie Passage Apt. 179,Greeley,NE,68842,41.5526,-98.53,668,Radio broadcast assistant,2001-08-03,52247482141,young_adults_male_rural.json,285d63f2f0454ed355e4231d877e746e,2022-02-05,17:43:37,1644101017,misc_pos,3.72,0,fraud_Gislason Group,41.792068,-97.666498
105-29-8266,2706550784685098,Frank,Freeman,M,3034 Natalie Passage Apt. 179,Greeley,NE,68842,41.5526,-98.53,668,Radio broadcast assistant,2001-08-03,52247482141,young_adults_male_rural.json,82f468817738c122dcb52d529696b73e,2022-02-05,18:27:50,1644103670,misc_pos,58.06,0,fraud_Boehm  Block and Jakubowski,41.177627,-97.745447
105-29-8266,2706550784685098,Frank,Freeman,M,3034 Natalie Passage Apt. 179,Greeley,NE,68842,41.5526,-98.53,668,Radio broadcast assistant,2001-08-03,52247482141,young_adults_male_rural.json,9fcb400b9e5e4ef9814130ae58f12f1d,2022-02-07,22:40:52,1644291652,shopping_net,56.97,0,fraud_Altenwerth  Cartwright and Koss,41.374682,-99.260732
105-29-8266,2706550784685098,Frank,Freeman,M,3034 Natalie Passage Apt. 179,Greeley,NE,68842,41.5526,-98.53,668,Radio broadcast assistant,2001-08-03,52247482141,young_adults_male_rural.json,c7485540677e97bc4ea8d00181bd2d81,2022-02-08,23:06:40,1644379600,shopping_net,43.40,0,fraud_Cormier LLC,41.168453,-98.735146
105-29-8266,2706550784685098,Frank,Freeman,M,3034 Natalie Passage Apt. 179,Greeley,NE,68842,41.5526,-98.53,668,Radio broadcast assistant,2001-08-03,52247482141,young_adults_male_rural.json,f6a040fe571bbbc2a5c5e44043962008,2022-02-09,13:48:29,1644432509,shopping_net,132.77,0,fraud_Volkman-Predovic,40.644428,-98.007148
105-29-8266,2706550784685098,Frank,Freeman,M,3034 Natalie Passage Apt. 179,Greeley,NE,68842,41.5526,-98.53,668,Radio broadcast assistant,2001-08-03,52247482141,young_adults_male_rural.json,4bbcdea9928adaa0ae9a1117babfaab3,2022-02-09,19:18:09,1644452289,shopping_net,63.05,0,fraud_Jast Ltd,42.186427,-99.063838
105-29-8266,2706550784685098,Frank,Freeman,M,3034 Natalie Passage Apt. 179,Greeley,NE,68842,41.5526,-98.53,668,Radio broadcast assistant,2001-08-03,52247482141,young_adults_male_rural.json,d079aaf2e7851060aff1df6cda5a92fa,2022-02-11,17:13:19,1644617599,shopping_net,1.35,0,fraud_Streich  Dietrich and Barton,41.800133,-99.473618
105-29-8266,2706550784685098,Frank,Freeman,M,3034 Natalie Passage Apt. 179,Greeley,NE,68842,41.5526,-98.53,668,Radio broadcast assistant,2001-08-03,52247482141,young_adults_male_rural.json,6c2d96597a8e3dd17ad3c42b16f77632,2022-02-11,20:39:41,1644629981,shopping_net,42.60,0,fraud_Zboncak  Rowe and Murazik,42.142774,-99.455459
105-29-8266,2706550784685098,Frank,Freeman,M,3034 Natalie Passage Apt. 179,Greeley,NE,68842,41.5526,-98.53,668,Radio broadcast assistant,2001-08-03,52247482141,young_adults_male_rural.json,8e542edd32959356e948e3322a857ab2,2022-02-11,20:43:40,1644630220,shopping_net,72.16,0,fraud_Heathcote LLC,41.223273,-98.719594
105-29-8266,2706550784685098,Frank,Freeman,M,3034 Natalie Passage Apt. 179,Greeley,NE,68842,41.5526,-98.53,668,Radio broadcast assistant,2001-08-03,52247482141,young_adults_male_rural.json,38397c0a88a49c7bde028e0faf249b9e,2022-02-12,12:16:25,1644686185,shopping_net,9.22,0,fraud_Schumm PLC,41.092976,-98.247364
105-29-8266,2706550784685098,Frank,Freeman,M,3034 Natalie Passage Apt. 179,Greeley,NE,68842,41.5526,-98.53,668,Radio broadcast assistant,2001-08-03,52247482141,young_adults_male_rural.json,43ca66ad2b36c1185ed3276469bec2fb,2022-02-12,13:34:27,1644690867,shopping_net,174.36,0,fraud_Ankunding LLC,40.724915,-98.336511
105-29-8266,2706550784685098,Frank,Freeman,M,3034 Natalie Passage Apt. 179,Greeley,NE,68842,41.5526,-98.53,668,Radio broadcast assistant,2001-08-03,52247482141,young_adults_male_rural.json,4a0235d8219fc1ce11faf8a3800fd639,2022-02-12,15:01:36,1644696096,shopping_net,11.77,0,fraud_Hills-Witting,40.817194,-97.663949
105-29-8266,2706550784685098,Frank,Freeman,M,3034 Natalie Passage Apt. 179,Greeley,NE,68842,41.5526,-98.53,668,Radio broadcast assistant,2001-08-03,52247482141,young_adults_male_rural.json,999de9aa91ccaa33b9dcc474c8616a14,2022-02-12,15:07:04,1644696424,shopping_net,293.33,0,fraud_Gleason-Macejkovic,40.632955,-99.105367
105-29-8266,2706550784685098,Frank,Freeman,M,3034 Natalie Passage Apt. 179,Greeley,NE,68842,41.5526,-98.53,668,Radio broadcast assistant,2001-08-03,52247482141,young_adults_male_rural.json,c6fefb9cc0cb13b43fe35ff4e529e6bb,2022-02-12,18:10:51,1644707451,shopping_net,55.66,0,fraud_Predovic Inc,42.135642,-98.029672
105-29-8266,2706550784685098,Frank,Freeman,M,3034 Natalie Passage Apt. 179,Greeley,NE,68842,41.5526,-98.53,668,Radio broadcast assistant,2001-08-03,52247482141,young_adults_male_rural.json,d5bdbdbf4b38d5c05bc3927d937a4584,2022-02-12,21:06:18,1644717978,shopping_pos,152.53,0,fraud_Morissette PLC,42.123773,-99.381886
105-29-8266,2706550784685098,Frank,Freeman,M,3034 Natalie Passage Apt. 179,Greeley,NE,68842,41.5526,-98.53,668,Radio broadcast assistant,2001-08-03,52247482141,young_adults_male_rural.json,23a51f09075570748cd54685cd693981,2022-02-13,01:32:11,1644733931,grocery_pos,293.74,1,fraud_Kiehn Inc,40.693079,-98.768098
105-29-8266,2706550784685098,Frank,Freeman,M,3034 Natalie Passage Apt. 179,Greeley,NE,68842,41.5526,-98.53,668,Radio broadcast assistant,2001-08-03,52247482141,young_adults_male_rural.json,318051f24e1121bc70027badd89a0b23,2022-02-13,02:22:08,1644736928,gas_transport,11.69,1,fraud_Koss and Sons,41.109745,-98.626281
105-29-8266,2706550784685098,Frank,Freeman,M,3034 Natalie Passage Apt. 179,Greeley,NE,68842,41.5526,-98.53,668,Radio broadcast assistant,2001-08-03,52247482141,young_adults_male_rural.json,051d6042fc2a00c92c4cd4db554584c4,2022-02-13,08:01:34,1644757294,grocery_pos,303.92,1,fraud_Kilback LLC,41.241401,-99.057754
105-29-8266,2706550784685098,Frank,Freeman,M,3034 Natalie Passage Apt. 179,Greeley,NE,68842,41.5526,-98.53,668,Radio broadcast assistant,2001-08-03,52247482141,young_adults_male_rural.json,42c096418dec249c38df9bbe1d326af2,2022-02-13,22:04:19,1644807859,misc_net,1211.02,1,fraud_Flatley-Durgan,42.240151,-98.864150
105-29-8266,2706550784685098,Frank,Freeman,M,3034 Natalie Passage Apt. 179,Greeley,NE,68842,41.5526,-98.53,668,Radio broadcast assistant,2001-08-03,52247482141,young_adults_male_rural.json,e252fe9085772b576bc0390270511278,2022-02-14,22:11:18,1644894678,shopping_pos,1051.76,1,fraud_Watsica  Haag and Considine,40.896033,-98.137672
105-29-8266,2706550784685098,Frank,Freeman,M,3034 Natalie Passage Apt. 179,Greeley,NE,68842,41.5526,-98.53,668,Radio broadcast assistant,2001-08-03,52247482141,young_adults_male_rural.json,08398f769cb86db7c80fb5b6e051bf16,2022-02-14,23:12:22,1644898342,shopping_net,1029.17,1,fraud_Terry-Huel,41.190352,-98.433529
105-29-8266,2706550784685098,Frank,Freeman,M,3034 Natalie Passage Apt. 179,Greeley,NE,68842,41.5526,-98.53,668,Radio broadcast assistant,2001-08-03,52247482141,young_adults_male_rural.json,90496a43d2bf2a9a344101f19f0f036b,2022-02-14,23:56:17,1644900977,shopping_net,856.37,1,fraud_Heathcote LLC,40.592194,-98.950590
105-29-8266,2706550784685098,Frank,Freeman,M,3034 Natalie Passage Apt. 179,Greeley,NE,68842,41.5526,-98.53,668,Radio broadcast assistant,2001-08-03,52247482141,young_adults_male_rural.json,fccdef039c2f41a71a4e8b48ec790ed9,2022-02-17,16:00:26,1645131626,shopping_pos,202.27,0,fraud_Douglas  Schneider and Turner,42.148230,-99.345904
105-29-8266,2706550784685098,Frank,Freeman,M,3034 Natalie Passage Apt. 179,Greeley,NE,68842,41.5526,-98.53,668,Radio broadcast assistant,2001-08-03,52247482141,young_adults_male_rural.json,d23089d7d08de6069ba4b3bea81fcc5d,2022-02-18,17:55:23,1645224923,shopping_pos,15.07,0,fraud_Baumbach  Hodkiewicz and Walsh,41.020462,-98.889944
105-29-8266,2706550784685098,Frank,Freeman,M,3034 Natalie Passage Apt. 179,Greeley,NE,68842,41.5526,-98.53,668,Radio broadcast assistant,2001-08-03,52247482141,young_adults_male_rural.json,fe12d9d987e3738b95ce5d3c06e088e3,2022-02-18,22:33:56,1645241636,shopping_pos,6.25,0,fraud_Barrows PLC,41.604961,-98.171911
105-29-8266,2706550784685098,Frank,Freeman,M,3034 Natalie Passage Apt. 179,Greeley,NE,68842,41.5526,-98.53,668,Radio broadcast assistant,2001-08-03,52247482141,young_adults_male_rural.json,6d5834615e34c2d9b516cea32a818641,2022-02-18,23:26:14,1645244774,shopping_pos,106.24,0,fraud_Weimann  Kuhic and Beahan,41.679054,-97.845634
105-29-8266,2706550784685098,Frank,Freeman,M,3034 Natalie Passage Apt. 179,Greeley,NE,68842,41.5526,-98.53,668,Radio broadcast assistant,2001-08-03,52247482141,young_adults_male_rural.json,56eda5a472c68a705f81a54325705759,2022-02-18,23:49:10,1645246150,shopping_pos,48.70,0,fraud_Pacocha-Bauch,41.267355,-97.712670
105-29-8266,2706550784685098,Frank,Freeman,M,3034 Natalie Passage Apt. 179,Greeley,NE,68842,41.5526,-98.53,668,Radio broadcast assistant,2001-08-03,52247482141,young_adults_male_rural.json,92ca8c90591004061b2e818d09c656c5,2022-02-19,12:47:30,1645292850,shopping_pos,2.22,0,fraud_Botsford Ltd,41.475482,-98.601255
105-29-8266,2706550784685098,Frank,Freeman,M,3034 Natalie Passage Apt. 179,Greeley,NE,68842,41.5526,-98.53,668,Radio broadcast assistant,2001-08-03,52247482141,young_adults_male_rural.json,1194845de8bdc3f6a46c6152ba54c522,2022-02-20,14:36:54,1645385814,entertainment,10.36,0,fraud_Nicolas  Hills and McGlynn,40.759426,-97.949285
105-29-8266,2706550784685098,Frank,Freeman,M,3034 Natalie Passage Apt. 179,Greeley,NE,68842,41.5526,-98.53,668,Radio broadcast assistant,2001-08-03,52247482141,young_adults_male_rural.json,0ed3dd648ccd1713a25b5f96d73b9c2c,2022-02-20,22:26:52,1645414012,entertainment,149.24,0,fraud_Effertz LLC,41.906155,-99.062810
105-29-8266,2706550784685098,Frank,Freeman,M,3034 Natalie Passage Apt. 179,Greeley,NE,68842,41.5526,-98.53,668,Radio broadcast assistant,2001-08-03,52247482141,young_adults_male_rural.json,b9c69a4a180baab1e636c8a5c18e9590,2022-02-20,23:28:42,1645417722,shopping_pos,56.86,0,fraud_Quitzon  Green and Bashirian,41.409671,-98.771934
105-29-8266,2706550784685098,Frank,Freeman,M,3034 Natalie Passage Apt. 179,Greeley,NE,68842,41.5526,-98.53,668,Radio broadcast assistant,2001-08-03,52247482141,young_adults_male_rural.json,2811ddf00b1ac8a10ee6d009a9b6178c,2022-02-22,18:44:58,1645573498,entertainment,8.65,0,fraud_Cormier  Stracke and Thiel,41.408845,-98.904885
105-29-8266,2706550784685098,Frank,Freeman,M,3034 Natalie Passage Apt. 179,Greeley,NE,68842,41.5526,-98.53,668,Radio broadcast assistant,2001-08-03,52247482141,young_adults_male_rural.json,25d296e09ccc2be436c16523e18366e2,2022-02-22,20:38:53,1645580333,entertainment,37.12,0,fraud_Dibbert-Green,42.381651,-99.011777
105-29-8266,2706550784685098,Frank,Freeman,M,3034 Natalie Passage Apt. 179,Greeley,NE,68842,41.5526,-98.53,668,Radio broadcast assistant,2001-08-03,52247482141,young_adults_male_rural.json,1c0df96af62a9cabb0fdb1ddf5c166dc,2022-02-22,22:15:42,1645586142,entertainment,154.47,0,fraud_Stark-Batz,42.155589,-98.804662
105-29-8266,2706550784685098,Frank,Freeman,M,3034 Natalie Passage Apt. 179,Greeley,NE,68842,41.5526,-98.53,668,Radio broadcast assistant,2001-08-03,52247482141,young_adults_male_rural.json,4050c2266e3100fae584a87ac6aafc26,2022-02-23,13:14:22,1645640062,entertainment,2.81,0,fraud_Kilback and Sons,41.225978,-99.477960
105-29-8266,2706550784685098,Frank,Freeman,M,3034 Natalie Passage Apt. 179,Greeley,NE,68842,41.5526,-98.53,668,Radio broadcast assistant,2001-08-03,52247482141,young_adults_male_rural.json,02754e65a9d0368c8369b1c0aaf365ae,2022-02-23,13:59:19,1645642759,entertainment,33.71,0,fraud_Schuppe LLC,42.118969,-99.462995
105-29-8266,2706550784685098,Frank,Freeman,M,3034 Natalie Passage Apt. 179,Greeley,NE,68842,41.5526,-98.53,668,Radio broadcast assistant,2001-08-03,52247482141,young_adults_male_rural.json,875c8538b03cfa063c4450b47cbbad88,2022-02-23,20:15:33,1645665333,entertainment,3.36,0,fraud_Wilkinson Ltd,40.826046,-99.229730
105-29-8266,2706550784685098,Frank,Freeman,M,3034 Natalie Passage Apt. 179,Greeley,NE,68842,41.5526,-98.53,668,Radio broadcast assistant,2001-08-03,52247482141,young_adults_male_rural.json,d0844a3bf3e4bc060a1c2b1b0c83da24,2022-02-24,15:17:22,1645733842,entertainment,75.36,0,fraud_Kilback and Sons,42.353626,-98.248857
105-29-8266,2706550784685098,Frank,Freeman,M,3034 Natalie Passage Apt. 179,Greeley,NE,68842,41.5526,-98.53,668,Radio broadcast assistant,2001-08-03,52247482141,young_adults_male_rural.json,914e3512bf55f892a420239467dcd8a2,2022-02-25,16:34:35,1645824875,entertainment,135.22,0,fraud_Welch  Rath and Koepp,41.580177,-98.702821
105-29-8266,2706550784685098,Frank,Freeman,M,3034 Natalie Passage Apt. 179,Greeley,NE,68842,41.5526,-98.53,668,Radio broadcast assistant,2001-08-03,52247482141,young_adults_male_rural.json,a62d331c844166cf103e90a2753b594e,2022-02-25,22:10:28,1645845028,entertainment,113.90,0,fraud_Cormier  Stracke and Thiel,41.881383,-98.532631
105-29-8266,2706550784685098,Frank,Freeman,M,3034 Natalie Passage Apt. 179,Greeley,NE,68842,41.5526,-98.53,668,Radio broadcast assistant,2001-08-03,52247482141,young_adults_male_rural.json,e6bdda25effda15a94369934b9541e85,2022-02-26,14:15:19,1645902919,entertainment,25.65,0,fraud_Bauch-Blanda,41.319105,-98.682573
105-29-8266,2706550784685098,Frank,Freeman,M,3034 Natalie Passage Apt. 179,Greeley,NE,68842,41.5526,-98.53,668,Radio broadcast assistant,2001-08-03,52247482141,young_adults_male_rural.json,ae55ca3c68dadbe5d5e80ad5480c3f0e,2022-02-26,14:27:54,1645903674,entertainment,7.55,0,fraud_Larkin  Stracke and Greenfelder,41.883189,-98.856361
105-29-8266,2706550784685098,Frank,Freeman,M,3034 Natalie Passage Apt. 179,Greeley,NE,68842,41.5526,-98.53,668,Radio broadcast assistant,2001-08-03,52247482141,young_adults_male_rural.json,6ca490ea50649554e306b26738117202,2022-02-26,15:53:40,1645908820,entertainment,163.59,0,fraud_Howe PLC,41.874245,-98.241037
105-29-8266,2706550784685098,Frank,Freeman,M,3034 Natalie Passage Apt. 179,Greeley,NE,68842,41.5526,-98.53,668,Radio broadcast assistant,2001-08-03,52247482141,young_adults_male_rural.json,dce8cb51e20893ce5bcf25219ad2192c,2022-02-26,16:36:38,1645911398,entertainment,215.14,0,fraud_Douglas-White,41.208765,-98.299114
105-29-8266,2706550784685098,Frank,Freeman,M,3034 Natalie Passage Apt. 179,Greeley,NE,68842,41.5526,-98.53,668,Radio broadcast assistant,2001-08-03,52247482141,young_adults_male_rural.json,b30fea5a52a159889d8188746a403294,2022-02-26,16:58:14,1645912694,entertainment,13.31,0,fraud_Effertz LLC,42.106138,-98.006496
105-29-8266,2706550784685098,Frank,Freeman,M,3034 Natalie Passage Apt. 179,Greeley,NE,68842,41.5526,-98.53,668,Radio broadcast assistant,2001-08-03,52247482141,young_adults_male_rural.json,35acfe851bb13f2a407444afd5347d6b,2022-02-26,18:20:22,1645917622,entertainment,4.59,0,fraud_Nienow PLC,41.487284,-98.007586
105-29-8266,2706550784685098,Frank,Freeman,M,3034 Natalie Passage Apt. 179,Greeley,NE,68842,41.5526,-98.53,668,Radio broadcast assistant,2001-08-03,52247482141,young_adults_male_rural.json,fffd18ae7524ae161e8eab331dfb7394,2022-02-26,20:09:37,1645924177,entertainment,2.63,0,fraud_Donnelly LLC,40.604313,-98.813122
105-29-8266,2706550784685098,Frank,Freeman,M,3034 Natalie Passage Apt. 179,Greeley,NE,68842,41.5526,-98.53,668,Radio broadcast assistant,2001-08-03,52247482141,young_adults_male_rural.json,2598f6bd4c651ede24c9376fdd7d5a3a,2022-02-27,18:36:40,1646005000,entertainment,32.60,0,fraud_Hoppe  Harris and Bednar,40.633731,-97.578678
105-29-8266,2706550784685098,Frank,Freeman,M,3034 Natalie Passage Apt. 179,Greeley,NE,68842,41.5526,-98.53,668,Radio broadcast assistant,2001-08-03,52247482141,young_adults_male_rural.json,5c4adab794f8ce22561c9a02851981c1,2022-03-01,23:09:38,1646194178,entertainment,9.45,0,fraud_Cormier  Stracke and Thiel,42.322454,-98.353357
063-72-0970,4120800564099513,Tyler,Lopez,M,83512 Berry Mill Apt. 827,Hampshire,TN,38461,35.5915,-87.3251,1379,Airline pilot,2000-08-16,41326530154,young_adults_male_rural.json,dcb6f937e666da1cf95aaa29a65d4135,2022-03-02,00:13:22,1646198002,grocery_pos,291.45,1,fraud_Kilback LLC,35.409869,-87.526354
063-72-0970,4120800564099513,Tyler,Lopez,M,83512 Berry Mill Apt. 827,Hampshire,TN,38461,35.5915,-87.3251,1379,Airline pilot,2000-08-16,41326530154,young_adults_male_rural.json,4e5f0c92ee46a4a379db7f5343b556fa,2022-03-02,00:17:50,1646198270,gas_transport,7.97,1,fraud_Schmitt Inc,34.736670,-86.734052
063-72-0970,4120800564099513,Tyler,Lopez,M,83512 Berry Mill Apt. 827,Hampshire,TN,38461,35.5915,-87.3251,1379,Airline pilot,2000-08-16,41326530154,young_adults_male_rural.json,ec02a809539b01e51a982e9b3c9d3051,2022-03-02,00:25:17,1646198717,grocery_pos,326.79,1,fraud_Pacocha-O'Reilly,36.281219,-87.594063
063-72-0970,4120800564099513,Tyler,Lopez,M,83512 Berry Mill Apt. 827,Hampshire,TN,38461,35.5915,-87.3251,1379,Airline pilot,2000-08-16,41326530154,young_adults_male_rural.json,5b9101cbc19d270cc361fd23a5a0a55f,2022-03-02,03:54:24,1646211264,grocery_pos,323.43,1,fraud_Wolf Inc,34.774888,-86.379479
105-29-8266,2706550784685098,Frank,Freeman,M,3034 Natalie Passage Apt. 179,Greeley,NE,68842,41.5526,-98.53,668,Radio broadcast assistant,2001-08-03,52247482141,young_adults_male_rural.json,032fbd2ca0ae2d7bb74ae5558801d5d5,2022-03-02,12:19:39,1646241579,entertainment,28.06,0,fraud_Padberg-Rogahn,40.745143,-98.880759
105-29-8266,2706550784685098,Frank,Freeman,M,3034 Natalie Passage Apt. 179,Greeley,NE,68842,41.5526,-98.53,668,Radio broadcast assistant,2001-08-03,52247482141,young_adults_male_rural.json,fac3b9615f93e26baeb5b6f209d78b4d,2022-03-02,17:44:35,1646261075,food_dining,104.33,0,fraud_Weber and Sons,40.926183,-99.465311
063-72-0970,4120800564099513,Tyler,Lopez,M,83512 Berry Mill Apt. 827,Hampshire,TN,38461,35.5915,-87.3251,1379,Airline pilot,2000-08-16,41326530154,young_adults_male_rural.json,f6e8f08c06f2f135c6b27f8211d225d9,2022-03-02,23:57:11,1646283431,misc_net,8.74,1,fraud_Schmitt Ltd,35.195899,-87.085742
105-29-8266,2706550784685098,Frank,Freeman,M,3034 Natalie Passage Apt. 179,Greeley,NE,68842,41.5526,-98.53,668,Radio broadcast assistant,2001-08-03,52247482141,young_adults_male_rural.json,8a3ac8d94e1520da95144ee5fb8b48a3,2022-03-03,12:05:14,1646327114,food_dining,47.30,0,fraud_Haag-Blanda,40.759010,-98.628068
063-72-0970,4120800564099513,Tyler,Lopez,M,83512 Berry Mill Apt. 827,Hampshire,TN,38461,35.5915,-87.3251,1379,Airline pilot,2000-08-16,41326530154,young_adults_male_rural.json,4fb4443c3d29c35515d422bda10980c9,2022-03-03,16:29:15,1646342955,shopping_net,980.62,1,fraud_Cormier LLC,35.793383,-88.041684
063-72-0970,4120800564099513,Tyler,Lopez,M,83512 Berry Mill Apt. 827,Hampshire,TN,38461,35.5915,-87.3251,1379,Airline pilot,2000-08-16,41326530154,young_adults_male_rural.json,156832c0eca1c3d787281aa8c7fb5ac7,2022-03-03,22:21:15,1646364075,home,857.82,1,fraud_Prosacco  Kreiger and Kovacek,34.967187,-87.502273
063-72-0970,4120800564099513,Tyler,Lopez,M,83512 Berry Mill Apt. 827,Hampshire,TN,38461,35.5915,-87.3251,1379,Airline pilot,2000-08-16,41326530154,young_adults_male_rural.json,badce31b77b9d7718a32c106a0e3d9cf,2022-03-03,22:53:02,1646365982,shopping_net,681.27,1,fraud_Fisher Inc,34.905049,-87.316959
063-72-0970,4120800564099513,Tyler,Lopez,M,83512 Berry Mill Apt. 827,Hampshire,TN,38461,35.5915,-87.3251,1379,Airline pilot,2000-08-16,41326530154,young_adults_male_rural.json,96bd4c0bb419db30cf592f3d24b68caf,2022-03-03,23:13:58,1646367238,misc_net,1010.24,1,fraud_Rohan  White and Aufderhar,36.406988,-87.932676
063-72-0970,4120800564099513,Tyler,Lopez,M,83512 Berry Mill Apt. 827,Hampshire,TN,38461,35.5915,-87.3251,1379,Airline pilot,2000-08-16,41326530154,young_adults_male_rural.json,3f047fac389f214f2f74641eba0ba6e4,2022-03-03,23:47:38,1646369258,misc_pos,233.10,1,fraud_Schmeler Inc,36.423206,-87.552656
105-29-8266,2706550784685098,Frank,Freeman,M,3034 Natalie Passage Apt. 179,Greeley,NE,68842,41.5526,-98.53,668,Radio broadcast assistant,2001-08-03,52247482141,young_adults_male_rural.json,d332ccdf11dfcd9dfaf3ddd6229df629,2022-03-04,13:03:54,1646417034,food_dining,53.55,0,fraud_Feil  Hilpert and Koss,41.549601,-99.501179
105-29-8266,2706550784685098,Frank,Freeman,M,3034 Natalie Passage Apt. 179,Greeley,NE,68842,41.5526,-98.53,668,Radio broadcast assistant,2001-08-03,52247482141,young_adults_male_rural.json,40dce76cc408c969dda2c43dc00974b3,2022-03-04,20:33:51,1646444031,food_dining,221.16,0,fraud_Deckow-Dare,40.875642,-97.805301
105-29-8266,2706550784685098,Frank,Freeman,M,3034 Natalie Passage Apt. 179,Greeley,NE,68842,41.5526,-98.53,668,Radio broadcast assistant,2001-08-03,52247482141,young_adults_male_rural.json,f4ce4670ce026796b230da4dac6e0dda,2022-03-04,22:22:31,1646450551,food_dining,88.26,0,fraud_Hagenes  Kohler and Hoppe,41.070256,-97.913621
105-29-8266,2706550784685098,Frank,Freeman,M,3034 Natalie Passage Apt. 179,Greeley,NE,68842,41.5526,-98.53,668,Radio broadcast assistant,2001-08-03,52247482141,young_adults_male_rural.json,a2ba64d2f35a0a38030fad749c986dc5,2022-03-05,13:08:55,1646503735,food_dining,48.25,0,fraud_O'Keefe-Wisoky,41.445145,-97.742443
105-29-8266,2706550784685098,Frank,Freeman,M,3034 Natalie Passage Apt. 179,Greeley,NE,68842,41.5526,-98.53,668,Radio broadcast assistant,2001-08-03,52247482141,young_adults_male_rural.json,edc53b9d5db5f9cc197ea4a88e176dbb,2022-03-05,14:08:26,1646507306,food_dining,43.55,0,fraud_Bechtelar-Rippin,42.380929,-98.792481
105-29-8266,2706550784685098,Frank,Freeman,M,3034 Natalie Passage Apt. 179,Greeley,NE,68842,41.5526,-98.53,668,Radio broadcast assistant,2001-08-03,52247482141,young_adults_male_rural.json,a63f1ee12a39879d9b4cac2dbfb815ac,2022-03-05,19:41:01,1646527261,food_dining,158.28,0,fraud_Kuphal-Toy,41.784001,-97.692422
105-29-8266,2706550784685098,Frank,Freeman,M,3034 Natalie Passage Apt. 179,Greeley,NE,68842,41.5526,-98.53,668,Radio broadcast assistant,2001-08-03,52247482141,young_adults_male_rural.json,8ebf04815eff083c4e34f19863a8f7c9,2022-03-05,21:27:20,1646533640,food_dining,9.26,0,fraud_Conroy-Emard,42.399831,-99.071664
105-29-8266,2706550784685098,Frank,Freeman,M,3034 Natalie Passage Apt. 179,Greeley,NE,68842,41.5526,-98.53,668,Radio broadcast assistant,2001-08-03,52247482141,young_adults_male_rural.json,b6a847c538f907c09813706805302dd9,2022-03-06,12:33:07,1646587987,food_dining,22.31,0,fraud_Kihn-Schuster,41.560584,-99.034849
105-29-8266,2706550784685098,Frank,Freeman,M,3034 Natalie Passage Apt. 179,Greeley,NE,68842,41.5526,-98.53,668,Radio broadcast assistant,2001-08-03,52247482141,young_adults_male_rural.json,a9bea2da020336de73aa6b072e9789ba,2022-03-06,14:58:41,1646596721,food_dining,334.67,0,fraud_Ernser-Lynch,41.343517,-97.732675
105-29-8266,2706550784685098,Frank,Freeman,M,3034 Natalie Passage Apt. 179,Greeley,NE,68842,41.5526,-98.53,668,Radio broadcast assistant,2001-08-03,52247482141,young_adults_male_rural.json,aefc7e0063b9b85b59481e04102c530a,2022-03-06,18:22:50,1646608970,food_dining,45.20,0,fraud_Deckow-Dare,41.169807,-98.899113
105-29-8266,2706550784685098,Frank,Freeman,M,3034 Natalie Passage Apt. 179,Greeley,NE,68842,41.5526,-98.53,668,Radio broadcast assistant,2001-08-03,52247482141,young_adults_male_rural.json,104fe65d786447cd8b951cd0cd24eb80,2022-03-06,23:39:55,1646627995,food_dining,144.29,0,fraud_Daugherty-Thompson,42.162605,-97.761386
105-29-8266,2706550784685098,Frank,Freeman,M,3034 Natalie Passage Apt. 179,Greeley,NE,68842,41.5526,-98.53,668,Radio broadcast assistant,2001-08-03,52247482141,young_adults_male_rural.json,5ebcf855f1915d735a22b27986bdad99,2022-03-08,13:11:51,1646763111,food_dining,68.22,0,fraud_Lesch  D'Amore and Brown,41.224500,-98.481794
105-29-8266,2706550784685098,Frank,Freeman,M,3034 Natalie Passage Apt. 179,Greeley,NE,68842,41.5526,-98.53,668,Radio broadcast assistant,2001-08-03,52247482141,young_adults_male_rural.json,6c857506c2cf1eb6ccc5ee48fbd31d86,2022-03-08,17:36:08,1646778968,food_dining,117.79,0,fraud_Hermiston  Russel and Price,41.422329,-98.040486
105-29-8266,2706550784685098,Frank,Freeman,M,3034 Natalie Passage Apt. 179,Greeley,NE,68842,41.5526,-98.53,668,Radio broadcast assistant,2001-08-03,52247482141,young_adults_male_rural.json,4a6a8f3461f623587b39864f480412aa,2022-03-08,19:57:20,1646787440,food_dining,71.89,0,fraud_Bahringer  Osinski and Block,42.358200,-99.193212
105-29-8266,2706550784685098,Frank,Freeman,M,3034 Natalie Passage Apt. 179,Greeley,NE,68842,41.5526,-98.53,668,Radio broadcast assistant,2001-08-03,52247482141,young_adults_male_rural.json,8c12c3a3029dc64599035e11ea18de60,2022-03-10,12:37:27,1646933847,food_dining,2.88,0,fraud_Weber and Sons,41.875553,-98.642846
105-29-8266,2706550784685098,Frank,Freeman,M,3034 Natalie Passage Apt. 179,Greeley,NE,68842,41.5526,-98.53,668,Radio broadcast assistant,2001-08-03,52247482141,young_adults_male_rural.json,2f1d465ea4e79329bc498c9e4b14cfd1,2022-03-10,12:57:43,1646935063,food_dining,103.13,0,fraud_Kihn-Schuster,41.725759,-99.139227
105-29-8266,2706550784685098,Frank,Freeman,M,3034 Natalie Passage Apt. 179,Greeley,NE,68842,41.5526,-98.53,668,Radio broadcast assistant,2001-08-03,52247482141,young_adults_male_rural.json,5cdf2010b05bc300e09f0c0a1042561c,2022-03-10,21:33:35,1646966015,food_dining,61.11,0,fraud_O'Keefe-Wisoky,42.279030,-97.832932
105-29-8266,2706550784685098,Frank,Freeman,M,3034 Natalie Passage Apt. 179,Greeley,NE,68842,41.5526,-98.53,668,Radio broadcast assistant,2001-08-03,52247482141,young_adults_male_rural.json,81004f01a131ce9e0e5d8c0b5d4bc451,2022-03-10,22:01:18,1646967678,food_dining,113.34,0,fraud_Kihn-Schuster,40.812847,-97.931178
105-29-8266,2706550784685098,Frank,Freeman,M,3034 Natalie Passage Apt. 179,Greeley,NE,68842,41.5526,-98.53,668,Radio broadcast assistant,2001-08-03,52247482141,young_adults_male_rural.json,f05946371ef2f38e53b16a76f7303b49,2022-03-12,12:16:49,1647105409,health_fitness,52.79,0,fraud_Greenholt Ltd,41.548667,-98.503203
105-29-8266,2706550784685098,Frank,Freeman,M,3034 Natalie Passage Apt. 179,Greeley,NE,68842,41.5526,-98.53,668,Radio broadcast assistant,2001-08-03,52247482141,young_adults_male_rural.json,64e06b85f10d6794f46fd6b8431ea47f,2022-03-12,13:34:10,1647110050,health_fitness,58.38,0,fraud_Cronin  Kshlerin and Weber,41.652030,-98.326744
105-29-8266,2706550784685098,Frank,Freeman,M,3034 Natalie Passage Apt. 179,Greeley,NE,68842,41.5526,-98.53,668,Radio broadcast assistant,2001-08-03,52247482141,young_adults_male_rural.json,f4b8b494ecca73c4628839ecf03c4b34,2022-03-12,14:27:42,1647113262,health_fitness,87.36,0,fraud_Cormier LLC,42.285399,-99.057321
105-29-8266,2706550784685098,Frank,Freeman,M,3034 Natalie Passage Apt. 179,Greeley,NE,68842,41.5526,-98.53,668,Radio broadcast assistant,2001-08-03,52247482141,young_adults_male_rural.json,459813b9e9db3c4d81db3f26c3e2a0fb,2022-03-12,16:07:58,1647119278,health_fitness,22.21,0,fraud_Dare  Fritsch and Zboncak,40.903526,-97.983373
105-29-8266,2706550784685098,Frank,Freeman,M,3034 Natalie Passage Apt. 179,Greeley,NE,68842,41.5526,-98.53,668,Radio broadcast assistant,2001-08-03,52247482141,young_adults_male_rural.json,09e20896389458a95c3b87f2e4944cdb,2022-03-12,16:15:51,1647119751,health_fitness,144.18,0,fraud_Turcotte  Batz and Buckridge,40.978667,-98.403836
105-29-8266,2706550784685098,Frank,Freeman,M,3034 Natalie Passage Apt. 179,Greeley,NE,68842,41.5526,-98.53,668,Radio broadcast assistant,2001-08-03,52247482141,young_adults_male_rural.json,3ace19e35c3b9c18766667d30eb47340,2022-03-12,16:17:01,1647119821,health_fitness,391.74,0,fraud_Swaniawski  Nitzsche and Welch,41.902321,-99.073474
105-29-8266,2706550784685098,Frank,Freeman,M,3034 Natalie Passage Apt. 179,Greeley,NE,68842,41.5526,-98.53,668,Radio broadcast assistant,2001-08-03,52247482141,young_adults_male_rural.json,e74081d4bb1e664a60ca9631da59933d,2022-03-12,16:22:10,1647120130,health_fitness,8.96,0,fraud_Hills  Hegmann and Schaefer,42.400485,-98.123575
105-29-8266,2706550784685098,Frank,Freeman,M,3034 Natalie Passage Apt. 179,Greeley,NE,68842,41.5526,-98.53,668,Radio broadcast assistant,2001-08-03,52247482141,young_adults_male_rural.json,e6f0e89dd9e430e2887cb1356c7b5a09,2022-03-12,17:28:36,1647124116,health_fitness,111.66,0,fraud_Cronin  Kshlerin and Weber,42.524161,-97.940258
105-29-8266,2706550784685098,Frank,Freeman,M,3034 Natalie Passage Apt. 179,Greeley,NE,68842,41.5526,-98.53,668,Radio broadcast assistant,2001-08-03,52247482141,young_adults_male_rural.json,49474ffab148decdf59cda5847e37548,2022-03-12,21:38:09,1647139089,health_fitness,1.98,0,fraud_Runte  Green and Emard,42.010087,-98.051906
105-29-8266,2706550784685098,Frank,Freeman,M,3034 Natalie Passage Apt. 179,Greeley,NE,68842,41.5526,-98.53,668,Radio broadcast assistant,2001-08-03,52247482141,young_adults_male_rural.json,09568c3ac899cc01e1585bf65c90161a,2022-03-12,22:46:23,1647143183,health_fitness,3.29,0,fraud_Graham and Sons,40.853099,-97.582511
105-29-8266,2706550784685098,Frank,Freeman,M,3034 Natalie Passage Apt. 179,Greeley,NE,68842,41.5526,-98.53,668,Radio broadcast assistant,2001-08-03,52247482141,young_adults_male_rural.json,1af02fd4427f7622ee856098dfc4c112,2022-03-13,17:30:58,1647207058,health_fitness,17.63,0,fraud_Mueller  Gerhold and Mueller,41.790657,-99.119136
105-29-8266,2706550784685098,Frank,Freeman,M,3034 Natalie Passage Apt. 179,Greeley,NE,68842,41.5526,-98.53,668,Radio broadcast assistant,2001-08-03,52247482141,young_adults_male_rural.json,5a3f920d65817868feba3eb28a4a84ba,2022-03-16,12:44:44,1647449084,health_fitness,141.72,0,fraud_Reilly and Sons,42.504427,-97.944426
105-29-8266,2706550784685098,Frank,Freeman,M,3034 Natalie Passage Apt. 179,Greeley,NE,68842,41.5526,-98.53,668,Radio broadcast assistant,2001-08-03,52247482141,young_adults_male_rural.json,85326c0e3153d10175b005ebe633b06c,2022-03-17,23:43:44,1647575024,home,12.02,0,fraud_Witting  Beer and Ernser,40.702228,-98.194316
105-29-8266,2706550784685098,Frank,Freeman,M,3034 Natalie Passage Apt. 179,Greeley,NE,68842,41.5526,-98.53,668,Radio broadcast assistant,2001-08-03,52247482141,young_adults_male_rural.json,7893e38d866e44b1bcaadb3398936914,2022-03-17,23:55:35,1647575735,home,71.25,0,fraud_Botsford and Sons,41.136143,-97.566969
105-29-8266,2706550784685098,Frank,Freeman,M,3034 Natalie Passage Apt. 179,Greeley,NE,68842,41.5526,-98.53,668,Radio broadcast assistant,2001-08-03,52247482141,young_adults_male_rural.json,849a52f362a5c6919f872cdb91ae55bf,2022-03-18,16:14:33,1647634473,home,208.86,0,fraud_Botsford and Sons,42.195682,-98.860693
105-29-8266,2706550784685098,Frank,Freeman,M,3034 Natalie Passage Apt. 179,Greeley,NE,68842,41.5526,-98.53,668,Radio broadcast assistant,2001-08-03,52247482141,young_adults_male_rural.json,0bd6b00be27b2a498576b54395949cb2,2022-03-18,20:44:07,1647650647,home,198.93,0,fraud_White and Sons,41.149932,-98.053546
105-29-8266,2706550784685098,Frank,Freeman,M,3034 Natalie Passage Apt. 179,Greeley,NE,68842,41.5526,-98.53,668,Radio broadcast assistant,2001-08-03,52247482141,young_adults_male_rural.json,20d6f50d30b574c65ab67403fc65652f,2022-03-19,12:30:30,1647707430,kids_pets,1.17,0,fraud_Bode-Rempel,40.849063,-98.304642
105-29-8266,2706550784685098,Frank,Freeman,M,3034 Natalie Passage Apt. 179,Greeley,NE,68842,41.5526,-98.53,668,Radio broadcast assistant,2001-08-03,52247482141,young_adults_male_rural.json,cb9bfd2b93ef7be3ddf20b3c879ad0cd,2022-03-19,16:17:54,1647721074,kids_pets,94.07,0,fraud_Nolan-Williamson,41.924875,-98.945536
105-29-8266,2706550784685098,Frank,Freeman,M,3034 Natalie Passage Apt. 179,Greeley,NE,68842,41.5526,-98.53,668,Radio broadcast assistant,2001-08-03,52247482141,young_adults_male_rural.json,7842bbf7fd7814b855d4ccc9d31519f6,2022-03-19,19:55:23,1647734123,kids_pets,78.23,0,fraud_Gottlieb Group,41.218611,-99.407581
105-29-8266,2706550784685098,Frank,Freeman,M,3034 Natalie Passage Apt. 179,Greeley,NE,68842,41.5526,-98.53,668,Radio broadcast assistant,2001-08-03,52247482141,young_adults_male_rural.json,c501e63c69a1de4ef7da6eb06095639c,2022-03-19,21:56:10,1647741370,kids_pets,5.14,0,fraud_Gleason and Sons,42.475444,-99.292424
105-29-8266,2706550784685098,Frank,Freeman,M,3034 Natalie Passage Apt. 179,Greeley,NE,68842,41.5526,-98.53,668,Radio broadcast assistant,2001-08-03,52247482141,young_adults_male_rural.json,a6c773d9bc7c8abeb03bba6076f9407e,2022-03-19,23:59:21,1647748761,home,136.60,0,fraud_Koss  Hansen and Lueilwitz,41.823133,-98.715722
105-29-8266,2706550784685098,Frank,Freeman,M,3034 Natalie Passage Apt. 179,Greeley,NE,68842,41.5526,-98.53,668,Radio broadcast assistant,2001-08-03,52247482141,young_adults_male_rural.json,8d83afce978bea0fae59c7003c796c8f,2022-03-20,22:19:26,1647829166,kids_pets,98.34,0,fraud_Beer-Jast,42.288189,-98.076626
105-29-8266,2706550784685098,Frank,Freeman,M,3034 Natalie Passage Apt. 179,Greeley,NE,68842,41.5526,-98.53,668,Radio broadcast assistant,2001-08-03,52247482141,young_adults_male_rural.json,8cb879eb5db45df3e494f3255045f45f,2022-03-20,23:43:15,1647834195,kids_pets,147.17,0,fraud_Lubowitz-Walter,42.476146,-97.619080
105-29-8266,2706550784685098,Frank,Freeman,M,3034 Natalie Passage Apt. 179,Greeley,NE,68842,41.5526,-98.53,668,Radio broadcast assistant,2001-08-03,52247482141,young_adults_male_rural.json,c5b9564fbb35fe8431289bab1f8735e3,2022-03-21,19:21:35,1647904895,kids_pets,1.34,0,fraud_Schaefer Ltd,42.503830,-98.108584
105-29-8266,2706550784685098,Frank,Freeman,M,3034 Natalie Passage Apt. 179,Greeley,NE,68842,41.5526,-98.53,668,Radio broadcast assistant,2001-08-03,52247482141,young_adults_male_rural.json,5cbf5fa112a6745af5bd5ef9ee6638d4,2022-03-22,13:43:36,1647971016,kids_pets,58.44,0,fraud_Fahey Inc,40.900832,-98.312837
105-29-8266,2706550784685098,Frank,Freeman,M,3034 Natalie Passage Apt. 179,Greeley,NE,68842,41.5526,-98.53,668,Radio broadcast assistant,2001-08-03,52247482141,young_adults_male_rural.json,dfbc2339a0589d71bf76c0c5b14035a5,2022-03-22,19:44:11,1647992651,kids_pets,166.33,0,fraud_Metz  Russel and Metz,41.644552,-98.784005
105-29-8266,2706550784685098,Frank,Freeman,M,3034 Natalie Passage Apt. 179,Greeley,NE,68842,41.5526,-98.53,668,Radio broadcast assistant,2001-08-03,52247482141,young_adults_male_rural.json,802d895f18651ea7d3108ae314e18cd8,2022-03-24,18:27:26,1648160846,personal_care,1.27,0,fraud_Nader-Maggio,41.477285,-97.766173
105-29-8266,2706550784685098,Frank,Freeman,M,3034 Natalie Passage Apt. 179,Greeley,NE,68842,41.5526,-98.53,668,Radio broadcast assistant,2001-08-03,52247482141,young_adults_male_rural.json,7287798cb04946f817817a2c4a1de1fc,2022-03-25,14:43:49,1648233829,personal_care,115.82,0,fraud_Langworth LLC,41.561368,-99.466010
105-29-8266,2706550784685098,Frank,Freeman,M,3034 Natalie Passage Apt. 179,Greeley,NE,68842,41.5526,-98.53,668,Radio broadcast assistant,2001-08-03,52247482141,young_adults_male_rural.json,40cd45b4397d08b45957d9a3cd56c6e8,2022-03-25,16:47:48,1648241268,personal_care,165.64,0,fraud_Labadie LLC,41.615522,-98.901219
105-29-8266,2706550784685098,Frank,Freeman,M,3034 Natalie Passage Apt. 179,Greeley,NE,68842,41.5526,-98.53,668,Radio broadcast assistant,2001-08-03,52247482141,young_adults_male_rural.json,037ad4f77c8753d1d9e8219c8e7223ec,2022-03-26,14:39:32,1648319972,personal_care,6.49,0,fraud_Walter  Hettinger and Kessler,41.305551,-99.363397
105-29-8266,2706550784685098,Frank,Freeman,M,3034 Natalie Passage Apt. 179,Greeley,NE,68842,41.5526,-98.53,668,Radio broadcast assistant,2001-08-03,52247482141,young_adults_male_rural.json,6caae0e22bc7b9880cb5380aa3358277,2022-03-26,17:27:25,1648330045,personal_care,37.96,0,fraud_Hills-Boyer,41.658135,-99.399296
105-29-8266,2706550784685098,Frank,Freeman,M,3034 Natalie Passage Apt. 179,Greeley,NE,68842,41.5526,-98.53,668,Radio broadcast assistant,2001-08-03,52247482141,young_adults_male_rural.json,1e77e2a272d0af56ece2b2182071d593,2022-03-26,20:53:44,1648342424,personal_care,45.48,0,fraud_Kihn  Brakus and Goyette,41.047368,-99.064611
105-29-8266,2706550784685098,Frank,Freeman,M,3034 Natalie Passage Apt. 179,Greeley,NE,68842,41.5526,-98.53,668,Radio broadcast assistant,2001-08-03,52247482141,young_adults_male_rural.json,b899f4690b2ff687acabe8714033197d,2022-03-26,22:03:57,1648346637,personal_care,72.82,0,fraud_Baumbach Ltd,41.279388,-98.780470
105-29-8266,2706550784685098,Frank,Freeman,M,3034 Natalie Passage Apt. 179,Greeley,NE,68842,41.5526,-98.53,668,Radio broadcast assistant,2001-08-03,52247482141,young_adults_male_rural.json,89f13469d6e51df78e7d6f764e6c13e0,2022-03-26,23:35:42,1648352142,personal_care,7.85,0,fraud_Watsica LLC,41.955448,-98.598232
105-29-8266,2706550784685098,Frank,Freeman,M,3034 Natalie Passage Apt. 179,Greeley,NE,68842,41.5526,-98.53,668,Radio broadcast assistant,2001-08-03,52247482141,young_adults_male_rural.json,cc331c380ffba9f178714c82b35e0983,2022-03-27,12:40:04,1648399204,personal_care,129.37,0,fraud_Berge  Kautzer and Harris,40.861670,-97.616221
105-29-8266,2706550784685098,Frank,Freeman,M,3034 Natalie Passage Apt. 179,Greeley,NE,68842,41.5526,-98.53,668,Radio broadcast assistant,2001-08-03,52247482141,young_adults_male_rural.json,716259599f78ee2e43553b1832359927,2022-03-27,14:42:34,1648406554,personal_care,21.63,0,fraud_Labadie LLC,41.244154,-99.501731
105-29-8266,2706550784685098,Frank,Freeman,M,3034 Natalie Passage Apt. 179,Greeley,NE,68842,41.5526,-98.53,668,Radio broadcast assistant,2001-08-03,52247482141,young_adults_male_rural.json,b467dad7adbb2afa30d725be2735974f,2022-03-27,15:42:14,1648410134,personal_care,14.50,0,fraud_Crooks and Sons,42.044565,-98.405436
105-29-8266,2706550784685098,Frank,Freeman,M,3034 Natalie Passage Apt. 179,Greeley,NE,68842,41.5526,-98.53,668,Radio broadcast assistant,2001-08-03,52247482141,young_adults_male_rural.json,e94f00e17a8b5a4368bcdd8626d61024,2022-03-27,18:22:22,1648419742,personal_care,2.11,0,fraud_Friesen-Ortiz,40.824377,-98.427849
105-29-8266,2706550784685098,Frank,Freeman,M,3034 Natalie Passage Apt. 179,Greeley,NE,68842,41.5526,-98.53,668,Radio broadcast assistant,2001-08-03,52247482141,young_adults_male_rural.json,3086c7b3b106197cc43a04797246bd16,2022-03-27,19:21:41,1648423301,personal_care,62.46,0,fraud_Zemlak  Tillman and Cremin,41.497221,-98.019267
105-29-8266,2706550784685098,Frank,Freeman,M,3034 Natalie Passage Apt. 179,Greeley,NE,68842,41.5526,-98.53,668,Radio broadcast assistant,2001-08-03,52247482141,young_adults_male_rural.json,c5c07e8c8ed98b54b5eca98a741de8ca,2022-03-27,23:18:21,1648437501,personal_care,37.75,0,fraud_Abbott-Steuber,41.497949,-98.686959
105-29-8266,2706550784685098,Frank,Freeman,M,3034 Natalie Passage Apt. 179,Greeley,NE,68842,41.5526,-98.53,668,Radio broadcast assistant,2001-08-03,52247482141,young_adults_male_rural.json,500725af6e584e492260172c3373c14b,2022-03-27,23:42:34,1648438954,personal_care,107.76,0,fraud_Prosacco LLC,42.129438,-97.704461
105-29-8266,2706550784685098,Frank,Freeman,M,3034 Natalie Passage Apt. 179,Greeley,NE,68842,41.5526,-98.53,668,Radio broadcast assistant,2001-08-03,52247482141,young_adults_male_rural.json,b1e36732275ea5d231394e9901a399b0,2022-03-28,13:29:40,1648488580,personal_care,32.71,0,fraud_Kautzer and Sons,41.449290,-98.171220
105-29-8266,2706550784685098,Frank,Freeman,M,3034 Natalie Passage Apt. 179,Greeley,NE,68842,41.5526,-98.53,668,Radio broadcast assistant,2001-08-03,52247482141,young_adults_male_rural.json,f4d996738f9f4ba90526919743010903,2022-03-28,14:15:52,1648491352,personal_care,9.47,0,fraud_Dickinson Ltd,40.965311,-98.505109
105-29-8266,2706550784685098,Frank,Freeman,M,3034 Natalie Passage Apt. 179,Greeley,NE,68842,41.5526,-98.53,668,Radio broadcast assistant,2001-08-03,52247482141,young_adults_male_rural.json,12ac58a4c2fd66cb2b558026767b04ff,2022-03-28,21:12:38,1648516358,personal_care,72.71,0,fraud_Roberts  Ryan and Smith,41.282364,-98.651146
105-29-8266,2706550784685098,Frank,Freeman,M,3034 Natalie Passage Apt. 179,Greeley,NE,68842,41.5526,-98.53,668,Radio broadcast assistant,2001-08-03,52247482141,young_adults_male_rural.json,2e767d927e0c366cdee802cfc0c7bb31,2022-03-29,19:42:10,1648597330,travel,8.27,0,fraud_Ankunding-Carroll,42.038811,-99.252653
105-29-8266,2706550784685098,Frank,Freeman,M,3034 Natalie Passage Apt. 179,Greeley,NE,68842,41.5526,-98.53,668,Radio broadcast assistant,2001-08-03,52247482141,young_adults_male_rural.json,facf7e3baf2b95d62b7e13b229aa5e61,2022-03-30,20:01:52,1648684912,travel,123.78,0,fraud_Monahan  Hermann and Johns,40.667703,-98.769474
105-29-8266,2706550784685098,Frank,Freeman,M,3034 Natalie Passage Apt. 179,Greeley,NE,68842,41.5526,-98.53,668,Radio broadcast assistant,2001-08-03,52247482141,young_adults_male_rural.json,0a44ae0021479f30860543ee073d240b,2022-03-30,23:19:59,1648696799,travel,65.81,0,fraud_Leannon-Nikolaus,41.045224,-99.189588
